区域,城市,年份,文件类型,支出类别,匹配关键词,原文片段,金额（万元）,页码,文件名
东部,上海,2021,财政预决算报告,human,创业,推进“三大任务”“三大平台”建设。安排落实专项资金和政府债券资金等130.2亿元，支持临港新片区建设，持续推进“两个15%”所得税优惠政策在新片区有效落地。安排落实天使投资引导基金、创业投资引导基金共10亿元，实施培育科技小巨人企业等扶持政策，落实科技型中小企业研发费用加计扣除、高新技术企业所得税优惠政策等制度性税收优惠，支持拓展科创板上市储备企业清单。支出6亿元，支持长三角区域“水乡客厅”重大项目开工建设等。制定长三角一体化示范区先行启动区专项资金管理办法，规范资金使用和管理。保障第四届中国国,1302000.0,,上海市2021年市级决算.txt
东部,上海,2021,财政预决算报告,physical,未明确方向,加快推进科技创新。支出76.2亿元，支持在沪国家实验室和长三角国家技术创新中心等建设，强化国家战略科技力量，推动国家重大科技项目落户上海，试点基础研究领域项目经费包干制，推进基础研究高质量发展。,762000.0,,上海市2021年市级决算.txt
东部,上海,2021,财政预决算报告,physical,未明确方向,支持产业能级提升。安排落实专项资金75.5亿元，聚焦支持“五型经济”发展。支出97.9亿元，推进集成电路、生物医药、人工智能“三大先导产业”加快发展，支持关键核心技术攻关，落实软件、集成电路企业专项税收优惠等政策，着力打造战略性未来产业。,755000.0,,上海市2021年市级决算.txt
东部,上海,2021,财政预决算报告,physical,交通,促进扩大内需。安排落实549.2亿元，支持轨道交通等交通基础设施建设、社会民生等领域重大项目。发挥专项资金和政府投资基金的示范引导作用，带动社会资本加大投入。支持高质量办好“五五购物节”等重大促消费活动，推动加快建设国际消费中心城市。,5492000.0,,上海市2021年市级决算.txt
东部,上海,2021,财政预决算报告,physical,未明确方向,全面落实减税降费政策。全市新增减税降费总额超过700亿元，实施提高制造业企业研发费用加计扣除比例、提高小规模纳税人增值税起征点、小微企业和个体工商户所得税再减半优惠、阶段性降低失业保险和工伤保险费率等政策举措，取消、免征或降低部分政府性基金和行政事业性收费，切实帮助市场主体减轻负担。,7000000.0,,上海市2021年市级决算.txt
东部,上海,2021,财政预决算报告,physical,未明确方向,支持缓解中小微企业“融资难”“融资贵”问题。新增政府性融资担保贷款额574.7亿元，同比增长72.2%，将“绿色”“三农”“科创”“疫情防控与复工复产”等行业增补入信贷奖补重点行业目录，健全中小微企业信贷奖补机制。,5747000.0,,上海市2021年市级决算.txt
东部,上海,2021,财政预决算报告,human,医疗,保障常态化疫情防控资金。坚持“外防输入、内防反弹”，全市统筹安排落实106.8亿元，其中，市级支出52.5亿元，重点用于保障疫苗接种、医疗救治、疫情防控人员补助、发热门诊改造、诊疗设备和防控物资购置、进口冷链物流防疫、基地航空公司航班防疫消毒等，推动健全公共卫生体系，支持上海市重大传染病和生物安全研究院、上海市免疫治疗创新研究院等研究机构建设。继续免征疫情防控相关医疗器械产品、药品注册费等。,1068000.0,,上海市2021年市级决算.txt
东部,上海,2021,财政预决算报告,human,就业,支持继续实施就业优先政策。支出65亿元，完善多渠道灵活就业政策，促进高校毕业生等重点群体就业创业，支持做好失业人员再就业工作，实施职业技能提升、线上培训和以工代训补贴等政策，推动实现更高质量的充分就业。,650000.0,,上海市2021年市级决算.txt
东部,上海,2021,财政预决算报告,human,教育,支持发展公平而有质量的教育。支出296.5亿元，推进地方高水平大学和新一轮“双一流”建设等，支持高校服务国家和区域重大科技创新战略，推进优化高等教育和职业教育资源布局，支持实施上海高等教育人才揽蓄行动。修订教育专项转移支付管理办法，支持各区在基础教育和职业教育领域开展改革试点，保障课后服务、学校体育场地开放等项目实施，支持义务教育“双减”政策落实落地。,2965000.0,,上海市2021年市级决算.txt
东部,上海,2021,财政预决算报告,human,医疗,健全社会保障体系。继续调整提高城乡居民基础养老金等各类民生保障待遇标准。支出118.8亿元，深化长期护理保险制度试点。推进社区养老服务设施建设，引导各区建设社区综合为老服务中心、助餐场所、养老床位、认知障碍照护床位、实施居家环境适老化改造等。实施“以奖代补”政策，促进养老服务机构健康发展。支出117亿元，支持推进健康上海行动，支持公立医院基本建设和大型医疗设备购置，推进实施市级医院临床技能与临床创新三年行动计划。,1188000.0,,上海市2021年市级决算.txt
东部,上海,2021,财政预决算报告,physical,住房,支持旧区改造等城市有机更新。安排落实523.2亿元，推进中心城区成片二级旧里以下房屋改造、旧住房综合改造、城中村改造和保障性住房建设，支持架空线入地和杆箱整治、既有多层住宅加装电梯、人行天桥加装无障碍电梯以及“美丽街区”提升改造等。,5232000.0,,上海市2021年市级决算.txt
东部,上海,2021,财政预决算报告,human,补贴,推动乡村振兴战略加快实施。支出71亿元，健全以绿色生态为导向的农业补贴政策体系，支持都市现代农业发展，推进开展农村综合帮扶，保障美丽乡村建设，支持建成46个市级美丽乡村示范村、32个市级乡村振兴示范村，推动1.4万户农民相对集中居住。支出78亿元，做好东西部协作和对口支援，支持对口地区实现巩固拓展脱贫攻坚成果同乡村振兴有效衔接。,710000.0,,上海市2021年市级决算.txt
东部,上海,2021,财政预决算报告,human,文化,支持加强公共文化建设。围绕全面提升城市软实力，支出90亿元，保障中共一大纪念馆等红色文化传承地建设和公共文化设施建设，加快推进文化创意产业发展，支持办好重大文旅节庆活动，促进竞技体育发展，引领带动全民健身。,900000.0,,上海市2021年市级决算.txt
东部,上海,2021,财政预决算报告,physical,未明确方向,支持城市数字化转型。支出31.3亿元，围绕推进治理数字化转型，重点支持政务服务“一网通办”和城市运行“一网统管”体系建设；安排落实本市战略性新兴产业等专项资金，推动经济数字化、生活数字化转型，协同推进数字产业化和产业数字化转型。,313000.0,,上海市2021年市级决算.txt
东部,上海,2021,财政预决算报告,physical,能源,推动生态绿色发展。支出137.7亿元，支持“一江一河”城市治理，推进河道整治、农村生活污水治理等，支持完成崇明世界级生态岛建设第四轮三年行动计划，支持长江流域重点水域禁捕退捕。推进重点领域节能技术改造、建筑节能和绿色建筑示范项目建设、国三柴油车提前报废、新能源汽车推广以及公共充电桩建设等，促进节能减排。,1377000.0,,上海市2021年市级决算.txt
东部,上海,2021,财政预决算报告,physical,未明确方向,支持打造更高水平的平安上海。支出77.9亿元，保障公共安全、社会治安、网络安全、应急管理、消防安全、防汛防台、食品安全等领域资金需求，支持加强对各类安全风险隐患的排查化解，保障城市安全运行和社会大局稳定。,779000.0,,上海市2021年市级决算.txt
东部,上海,2021,财政预决算报告,physical,未明确方向,支持各区有力开展疫情防控工作。安排落实市对区补助资金40亿元，支持各区统筹用于集中隔离房源征用和运行保障、居民核酸检测、生活物资保供等疫情防控相关支出。及时下发通知，要求各区强化预算执行和财政资金安全管理主体责任，及时妥善落实资金安排，加大库款保障力度，加强资金管理，进一步提高资金使用管理的安全性、规范性和有效性。,400000.0,,上海市2021年市级决算.txt
东部,上海,2021,财政预决算报告,human,学生,支持加快破解“老、小、旧、远”等民生难题。加大转移支付力度，持续推进社区嵌入式养老服务，支持社区养老设施建设。推动做好因监护缺失或不当陷入困境的未成年人特别保护工作，明确操作规程和市区两级经费保障支出责任。促进加强托幼一体化建设，支持继续开设小学生爱心暑托班和新增托育点。统筹平衡资金884亿元，支持完成中心城区成片二级旧里以下房屋改造目标任务。整合设立本市乡村振兴专项资金，加大对农业绿色生产、生态资源保护、农产品质量安全、农村人居环境等方面支持力度。落实中央财政实际种粮农民一次性补贴，加大本市补,8840000.0,,上海市2021年市级决算.txt
东部,上海,2021,财政预决算报告,human,健康,强化地方政府债务管理。结合稳增长和防风险需要，健全地方政府债务管理机制，加强政府债务风险防控，发行第一批新增一般债券105亿元、新增专项债券195亿元、再融资债券654.8亿元，促进本市经济社会平稳健康发展。,1050000.0,,上海市2021年市级决算.txt
东部,上海,2021,财政预决算报告,physical,未明确方向,特别是面对突如其来的新冠肺炎疫情，我们快速响应建立市区联动、信息共享的疫情防控财政保障工作机制，第一时间将中央下达本市的抗疫特别国债资金274亿元全部分配各区使用，强化基层库款保障，通过统筹“四本预算”、阶段性税费减免、政策性融资担保、政府采购绿色通道等一揽子政策举措，围绕“六稳”“六保”积极发挥财政职能作用，既为抗击疫情提供了有力支撑，也为恢复经济赢得了主动。,2740000.0,,上海市2021年预算.txt
东部,上海,2021,财政预决算报告,human,医疗,全力支持抗击新冠肺炎疫情。优先保障疫情防控经费，加快资金拨付使用，确保人民群众不因担心费用问题而不敢就诊，确保不因资金问题而影响医疗救治和疫情防控。全市统筹安排落实111.6亿元，其中：市级支出45.7亿元用于医疗救治、疫情防控人员补助、诊疗设备和防控物资购置、临时病房搭建、发热门诊改造、市疾病预防控制中心迁建工程等，推动检测试剂、疫苗和药物加快研发等应急科技攻关以及国有企业抗击疫情转型等支出；安排落实技改专项资金1.2亿元，支持应急征用企业技术改造，帮助企业转产扩能；实施财政支持金融服务企业措,1116000.0,,上海市2021年预算.txt
东部,上海,2021,财政预决算报告,human,就业,多措并举激发经济复苏活力。积极落实《上海市促进中小企业发展条例》，扩大政策性融资担保贷款规模，全年完成担保贷款额333.7亿元，较上年增长52%；降低政策性融资担保费率，由原最高1.5%/年降至0.5%/年，再担保费率减半收取，落实“无还本续贷”政策，有效纾解企业生产经营资金困难。安排落实1.9亿元，通过信贷风险补偿和信贷奖励支持金融机构加大对中小微企业的支持力度，推进普惠金融发展。对用人单位实施失业保险稳岗返还政策。安排落实稳就业补贴等7.7亿元，帮助本市受疫情影响较大的企业渡过难关，缓解高校,3337000.0,,上海市2021年预算.txt
东部,上海,2021,财政预决算报告,human,人才,推动临港新片区建设。制定临港新片区专项发展资金使用管理办法，安排落实临港新片区专项发展资金66.9亿元、一般债券50亿元，支持新片区产业发展、创新创业、人才引进、公共基础设施建设等，促进新片区加快打造对外开放的枢纽和配置国际资源的平台。积极争取国家部委支持，临港新片区“两个15%”所得税优惠政策顺利出台，制定临港新片区重点产业企业认定具体操作管理办法，推动集成电路、生物医药、人工智能、民用航空等国家支持发展的重点产业企业所得税优惠政策和洋山国际船舶登记退税政策在新片区落地实施。,669000.0,,上海市2021年预算.txt
东部,上海,2021,财政预决算报告,human,创业,支持科创板发展。结合“浦江之光”行动，对本市高新技术入库培育企业，按其年度实际研发费用给予20万元-200万元的一次性财政专项扶持资金。将创新创业孵化服务纳入科技创新券支持范围，阶段性将企业每年可申请使用科技创新券的额度上限从30万元提高到50万元，引导科技型中小企业加大创新投入。新增安排本市天使投资引导基金5亿元、创业投资引导基金5亿元，鼓励、引导和支持引领性强、带动性大、成长性好的项目，培育更多的科创企业。,20.0,,上海市2021年预算.txt
东部,上海,2021,财政预决算报告,physical,交通,促进长三角一体化发展。研究设立长三角生态绿色一体化发展示范区先行启动区财政专项资金，先行安排落实2亿元，用于示范区先行启动区基础设施建设、公共服务优化等，支持示范区高质量发展。设立上海市中小微企业政策性融资担保基金管理中心长三角G60科创走廊服务基地和虹桥国际开放枢纽服务基地，支持中小企业做大做强融入长三角产业链。安排虹桥商务区专项发展资金市级资助资金1.5亿元，支持虹桥商务区依托区位优势打造长三角交通网络中心和贸易集散中心。,20000.0,,上海市2021年预算.txt
东部,上海,2021,财政预决算报告,physical,能源,支持国家战略性产业发展。统筹安排专项资金40.8亿元，推进新一代信息技术、高端装备制造、新材料、新能源汽车等战略性新兴产业发展壮大。安排落实科技创新计划专项资金、市级重大科技专项44.8亿元，支持前沿基础研究和重要领域关键核心技术攻关等，推进国家实验室加快建设。整合设立促进产业高质量发展专项资金，运用政府投资基金引导社会资本加大投入，多管齐下推动集成电路、生物医药、人工智能三大“上海方案”全面实施，支持产业战略关键领域技术攻关、促进产业创新融合示范应用、提升产业链高端供给能力和优化产业生态体系。,408000.0,,上海市2021年预算.txt
东部,上海,2021,财政预决算报告,physical,未明确方向,推动国家绿色发展基金在沪落地运营。围绕落实绿色发展国家战略、支持长江经济带发展，积极推动国家绿色发展基金落户上海、绿色基金公司在沪揭牌运营。配合财政部等国家部委，开展募资工作，首期共募集资金885亿元。,8850000.0,,上海市2021年预算.txt
东部,上海,2021,财政预决算报告,physical,未明确方向,支持坚决打赢脱贫攻坚战。加大扶贫协作和对口支援支持力度，提高本市东西部扶贫协作财政援助县均投入标准，安排落实对口支援与合作交流专项资金76.8亿元，较上年增加安排7.6亿元，助力对口地区所有贫困县脱贫摘帽、贫困人口脱贫出列。深化消费扶贫行动，通过各级预算单位优先采购、预留采购份额等方式，加大对扶贫地区农副产品、扶贫产品的采购力度。,768000.0,,上海市2021年预算.txt
东部,上海,2021,财政预决算报告,human,就业,支持促进就业和保障困难群众基本生活。扩大创业担保贷款政策覆盖面，全年发放贷款8.5亿元，继续免收创业担保费。安排落实培训费补贴、以工代训补贴、高技能人才培养基地资助等15.4亿元，支持开展职业技能提升行动，推进家政服务体系建设，支持第46届世界技能大赛筹办。上调本市城乡最低生活保障标准。安排猪肉流通领域补贴、绿叶菜产能提升奖补资金3.2亿元，支持做好重要民生商品保供稳价工作。落实社会救助和保障标准与物价上涨挂钩联动机制，及时发放价格临时补贴。,85000.0,,上海市2021年预算.txt
东部,上海,2021,财政预决算报告,human,养老,支持优化养老和托育服务。安排落实118.7亿元，开展长期护理保险制度试点。安排落实5.6亿元，引导各区加大对新增养老机构床位、存量养老机构升级改造、困难老年人居家养老服务补贴、增加嵌入式养老服务设施的建设与供给等方面的支持力度。提高养老金等民生保障标准。坚持政府引导、家庭为主、多方参与，支持普惠性托育机构建设，加快构建本市托育服务体系。,1187000.0,,上海市2021年预算.txt
东部,上海,2021,财政预决算报告,physical,城市更新,支持旧区改造和城市更新。统筹安排落实455.6亿元，推进中心城区成片二级旧里以下房屋改造、旧住房综合改造和“城中村”改造。安排落实38.9亿元，支持既有多层住宅加装电梯工程，加快推进架空线入地和合杆整治工程，继续支持各类保障性住房建设。,4556000.0,,上海市2021年预算.txt
东部,上海,2021,财政预决算报告,human,补贴,推进实施乡村振兴战略。安排落实105亿元，建立健全以绿色生态为导向的农业补贴政策体系，大力发展都市现代绿色农业；深化推进农村集体产权制度改革，支持开展农村综合帮扶工作，通过“造血”项目加快带动农民增收；支持推进农民相对集中居住，保障村庄改造和乡村振兴示范村创建，深化城乡发展一体化。,1050000.0,,上海市2021年预算.txt
东部,上海,2021,财政预决算报告,human,教育,支持发展公平而有质量的教育。安排落实教育经费287亿元，支持教育优先发展、优质发展，支持深化本市教育领域综合改革，支持推进高校“双一流”建设。在全国率先形成覆盖学前、小学、初中、高中、高校各个教育阶段的生均支出标准体系。修订完善本市学生资助资金管理实施办法，保障家庭经济困难学生受教育权利。,2870000.0,,上海市2021年预算.txt
东部,上海,2021,财政预决算报告,human,医疗,全面推进健康上海行动。安排落实97.3亿元，支持公立医院基本建设、开办和大型医疗设备购置等。安排落实财政专项资金5.9亿元，支持市级医院临床技能与临床创新三年行动计划和临床重点专科建设。安排落实对城乡居民医疗保险补助资金83.6亿元，提高城乡居民医疗保险筹资水平。,973000.0,,上海市2021年预算.txt
东部,上海,2021,财政预决算报告,human,文化,支持加强公共文化服务体系建设。围绕提高城市文化软实力，安排落实87.6亿元，保障红色文化传承弘扬工程建设，加大红色资源保护力度；加大对历史文物保护和非物质文化遗产传承的支持力度，支持社会主义文艺精品创作；积极推进文旅融合发展，支持举办各类文旅活动；支持重大公共文体设施建设，推动群众性文化活动繁荣活跃。,876000.0,,上海市2021年预算.txt
东部,上海,2021,财政预决算报告,physical,未明确方向,保障政务服务“一网通办”和城市运行“一网统管”。安排落实6.3亿元，推进电子政务云、电子政务外网等建设，加大对公共数据治理和日常运营的投入力度。保障市城市运行管理中心顺利启动运转，对纳入市级“一网统管”信息化项目库的项目，按需做好项目资金保障。,63000.0,,上海市2021年预算.txt
东部,上海,2021,财政预决算报告,physical,未明确方向,推动实现污染攻坚战阶段性目标。安排落实106亿元，稳步推进以苏州河环境综合整治四期工程为引领的河道整治、住宅小区雨污混接改造、农村生活污水治理等，确保基本消除劣V类水体，推动上海水环境实现根本好转。安排落实3.2亿元，支持提升城市生活垃圾治理水平，推动垃圾分类成为新时尚。,1060000.0,,上海市2021年预算.txt
东部,上海,2021,财政预决算报告,physical,未明确方向,推动平安上海建设再上新台阶。安排落实67.6亿元，聚焦影响城市安全、社会安定、人民安宁的重点领域，支持深化平安创建活动，统筹推进公共安全、应急、消防、市场等各领域安全，支持深入开展扫黑除恶专项斗争，保障城市运行更有序、更安全。安排落实资金0.8亿元，保障本市第七次全国人口普查顺利开展。,676000.0,,上海市2021年预算.txt
东部,上海,2022,财政预决算报告,human,健康,面对突如其来的新冠肺炎疫情，我们坚持人民至上、生命至上，落实资金保障，全力以赴支持做好疫情防控。快速响应建立市区联动、信息共享的疫情防控保障工作机制，及时预拨应急处置资金，强化基层库款保障。为支持各区疫情防控，缓解财政收支矛盾，进一步加大市对区转移支付力度，在年初预算基础上新增安排市对区疫情防控一揽子转移支付补助资金125亿元，并将中央下达本市减税降费补助资金重点向区级倾斜，及时分配下达各区215.7亿元补充区级财力。第一时间启动疫情防控紧急采购项目“绿色通道”，加强疫情防控经费分配使用情况的监,1250000.0,,上海市2022年市级决算.txt
东部,上海,2022,财政预决算报告,physical,未明确方向,支持深化推进国家重大战略落实落地。聚焦保障临港新片区发展，市区两级统筹投入117.8亿元，加快推动临港新片区基础设施和公共设施建设，持续推进新片区内重点产业企业所得税优惠政策精准实施，促进重点产业加速集聚。聚焦保障长三角生态绿色一体化发展示范区建设，落实专项资金11.8亿元，扎实推进长三角一体化高质量发展。聚焦保障虹桥国际开放枢纽建设，运用专项资金、债券等政策工具予以保障，加快提升虹桥国际开放枢纽的引领力和显示度。安排城市服务保障经费，支持进博会顺利举办。聚焦支持浦东新区更高水平改革开放，加快落,1178000.0,,上海市2022年市级决算.txt
东部,上海,2022,财政预决算报告,physical,未明确方向,促进激发经济内生动力。落实市级建设资金473.8亿元，用好地方政府专项债券等资金，支持重大项目建设，发挥政府投资带动作用和财政政策激励作用，激发民间投资活力，形成投资内生增长机制。市级投入11.5亿元，支持发放“爱购上海”电子消费券、举办“五五购物节”等重大促消费活动，释放消费潜力。整合设立商务高质量发展专项资金，投入外经贸相关政策资金，持续支持稳外贸稳外资。综合运用专项资金、政府投资基金等，促进三大先导产业加快发展。,4738000.0,,上海市2022年市级决算.txt
东部,上海,2022,财政预决算报告,human,就业,推动实现更高质量的充分就业。统筹帮扶重点群体就业，投入1亿元，对招录登记失业三个月以上人员或本市高校应届毕业生的企业，给予一次性吸纳就业补贴。投入1.8亿元，实施国家一次性扩岗补助政策。优化实施稳岗扩就业政策。投入3亿元，实施困难行业企业稳就业补贴，帮助企业稳定岗位、不裁员少裁员。投入1.7亿元，加大线上职业培训补贴力度。大力推进职业技能提升行动，拓宽职业技能提升补贴受益范围。加强创业融资扶持，支持开展创业培训，鼓励创业带动就业。,10000.0,,上海市2022年市级决算.txt
东部,上海,2022,财政预决算报告,human,文化,支持加强公共文化建设。全市文化旅游体育与传媒支出162.2亿元，其中，市级支出75.7亿元。支持公共文化服务体系建设，进一步加大重点文化发展项目扶持力度，持续推进上海图书馆东馆、大歌剧院等地标性重大文化设施建设运行，打造文化空间发展新格局。支持推进长江口二号古船整体迁移与临时存放保护工作。充分发挥市级财政资金的引导示范作用，进一步扶持和促进文旅产业发展。支持推广“建筑可阅读”“家门口的会客厅”“一江一河”等文化旅游创新品牌，不断提升上海旅游能级。支持重大体育场馆建设，优化全民健身设施资源供给，鼓,1622000.0,,上海市2022年市级决算.txt
东部,上海,2022,财政预决算报告,physical,能源,持续推进节能减排。支持绿色产业快速发展，推动绿色低碳技术突破。持续推进既有建筑节能改造、立体绿化等试点示范工程，推进落实电动汽车充换电设施等民心工程。投入1.2亿元，促进新能源汽车消费和绿色家电消费。,12000.0,,上海市2022年市级决算.txt
东部,上海,2022,财政预决算报告,physical,未明确方向,支持打造宜居城市。投入160.5亿元，完成全市20.3万平方米二级以下旧里改造，全面完成中心城区成片旧改任务。市级投入21亿元，支持老旧小区改造以及既有多层住宅加装电梯工作。市级投入27.4亿元，支持城中村改造。实施新一轮三年林业建设支持政策，加快推动公益林和生态廊道建设。支持推进崇明世界级生态岛建设和“守护湿地生态系统”专项工作。,1605000.0,,上海市2022年市级决算.txt
东部,上海,2022,财政预决算报告,physical,未明确方向,推进平安上海建设。投入90亿元，支持健全公共安全、社会治安防控体系，强化科技支撑，提高超大城市运行风险隐患排查和应急处置能力。支持老旧小区加装消防设施，优化储备粮存储和供应机制，提升城市应对灾害能力。,900000.0,,上海市2022年市级决算.txt
东部,上海,2022,财政预决算报告,human,补贴,支持推进乡村振兴。投入39.2亿元，推进农民相对集中居住。发放种粮农民一次性补贴，夯实粮食安全根基。投入77.8亿元，巩固拓展对口支援地区脱贫攻坚成果同乡村振兴有效衔接，支持深化与革命老区重点城市的对口合作。,392000.0,,上海市2022年市级决算.txt
东部,上海,2022,财政预决算报告,physical,未明确方向,全面落实减税降费政策。上半年减税降费超过300亿元。实施小规模纳税人减免增值税、小微企业和个体工商户所得税优惠政策等税费支持措施，为中小企业减负增能，提升抗风险能力。加大研发费用税前加计扣除政策落实力度，助力制造业企业创新升级发展。,3000000.0,,上海市2022年市级决算.txt
东部,上海,2022,财政预决算报告,human,教育,教育支出296.5亿元，完成调整预算的101.4%；科学技术支出225亿元，完成预算的95.9%；社会保障和就业支出430亿元，完成预算的99.6%；卫生健康支出283.5亿元，完成调整预算的106%；公共安全支出194.7亿元，完成预算的110.3%；农林水支出91.3亿元，完成调整预算的120.4%；城乡社区支出303.5亿元，完成调整预算的98.7%；交通运输支出298.3亿元，完成调整预算的141.5%。,2965000.0,,上海市2022年预算.txt
东部,上海,2022,财政预决算报告,human,创业,推进“三大任务、一大平台”建设。安排落实130.2亿元，支持临港新片区基础设施建设和公共设施建设等；持续推进“两个15%”所得税优惠政策有效落地。新增安排天使投资引导基金、创业投资引导基金共10亿元，支持初创期、成长期企业发展；运用“科创贷”、培育科技小巨人企业等扶持政策，拓展科创板上市储备企业清单。制定长三角一体化示范区先行启动区专项资金管理办法，规范资金使用和管理；支持水乡客厅等重大项目开工建设、长三角国家技术创新中心建成运行、政务服务实现跨省通办；推动沪浙两地率先实现政府采购一体化。运用财,1302000.0,,上海市2022年预算.txt
东部,上海,2022,财政预决算报告,human,人才,加快推进科技创新。支出76.2亿元，支持在沪国家实验室建设，推动国家重大科技项目落户上海，推进基础研究高质量发展；支持知识产权保护，推进产学研深度融合，促进科技成果加速转化。试点基础研究领域项目经费包干制，支持重大项目试点探索“揭榜挂帅”等攻关机制，为科研机构和科研人才“解绑”。制定新一轮张江国家自主创新示范区专项发展资金等管理办法。试点开展人才类专项资金整合，更好发挥对培养、引进和用好人才的支撑保障作用。,762000.0,,上海市2022年预算.txt
东部,上海,2022,财政预决算报告,physical,交通,积极促进扩内需、稳外需。安排落实549.2亿元，支持轨道交通等交通基础设施建设、社会民生等领域的重大项目，促进扩大有效投资。支持高质量办好“五五购物节”等重大促消费活动，促进拓展消费新业态、新模式，支持受疫情影响的旅游、航空等产业加快恢复，支持培育建设国际消费中心城市。推动整合商务类专项资金，支持吸引外资集聚，推动对外贸易高质量发展。,5492000.0,,上海市2022年预算.txt
东部,上海,2022,财政预决算报告,human,医疗,推动三大产业“上海方案”全面实施。支出97.9亿元，运用专项资金、政府投资基金等方式，引导社会资本加大投入，促进集成电路、生物医药、人工智能产业发展。落实国家有关支持集成电路产业和软件产业发展进口税收优惠政策，在将创新医疗设备纳入创新目录的基础上扩大首购范围，加大对人工智能算法创新的支持力度，强化政策支撑。,979000.0,,上海市2022年预算.txt
东部,上海,2022,财政预决算报告,physical,未明确方向,聚焦支持“五型经济”发展。安排落实专项资金75.5亿元，促进创新型企业发展，推动现代服务业提升能级，支持培育流量型经济领域的重点企业以及重大项目建设，鼓励在沪设立跨国公司地区总部和全球研发中心，加快培育战略性新兴产业，推进金融产业集聚，促进产业高质量发展。服务保障新开发银行总部大楼正式交付使用。,755000.0,,上海市2022年预算.txt
东部,上海,2022,财政预决算报告,human,健康,促进中小企业健康发展。在巩固大规模减税降费成效的基础上，落实国家减税降费政策，实施小型微利企业所得税再减半优惠、提高小规模纳税人增值税起征点、提高制造业企业研发费用加计扣除比例等。实施中小微企业信贷奖补政策，将“绿色”“三农”等行业增补入信贷奖补行业目录。进一步发挥政府性融资担保基金作用，新增担保贷款额574.7亿元，同比增长72.2%，支持缓解中小微企业“融资难”“融资贵”问题。,5747000.0,,上海市2022年预算.txt
东部,上海,2022,财政预决算报告,physical,住房,支持旧区改造和市容环境品质优化。统筹平衡资金，安排落实523.2亿元，推进中心城区成片二级旧里以下房屋改造、旧住房综合改造、城中村改造和保障性住房建设；支持架空线入地和杆箱整治、既有多层住宅加装电梯、人行天桥加装无障碍电梯等民心工程以及“美丽街区”提升改造等。,5232000.0,,上海市2022年预算.txt
东部,上海,2022,财政预决算报告,human,补贴,全面推进乡村振兴。支出71亿元，健全以绿色生态为导向的农业补贴政策体系，支持都市现代农业发展，推进开展农村综合帮扶，推动美丽乡村建设，支持建成46个市级美丽乡村示范村、32个市级乡村振兴示范村，推动1.4万户农民相对集中居住。加快整合设立乡村振兴专项资金，完善涉农资金统筹整合长效机制。支出78亿元，做好东西部协作和对口支援，支持对口地区实现巩固拓展脱贫攻坚成果同乡村振兴有效衔接。,710000.0,,上海市2022年预算.txt
东部,上海,2022,财政预决算报告,human,医疗,全力做好常态化疫情防控保障。坚持“外防输入、内防反弹”，持续做好常态化疫情防控资金保障。全市统筹安排落实106.8亿元，其中：市级支出52.5亿元重点用于保障疫苗接种有力有序推进，累计接种疫苗超5100万剂次，覆盖人群占全市常住人口94%；支持医疗救治、疫情防控人员补助、发热门诊改造、诊疗设备和防控物资购置、进口冷链物流防疫、基地航空公司航班防疫消毒等；推动健全公共卫生体系，支持上海市重大传染病和生物安全研究院、上海市免疫治疗创新研究院等研究机构建设。继续免征疫情防控相关医疗器械产品、药品注册费,1068000.0,,上海市2022年预算.txt
东部,上海,2022,财政预决算报告,human,就业,推动实现更高质量的充分就业。支出65亿元，完善多渠道灵活就业政策，促进优化职业见习政策，扩大创业担保贷款发放规模，促进高校毕业生、退役军人等重点群体就业创业，支持做好失业人员再就业工作；实施职业技能提升、线上培训和以工代训补贴政策，保障落实职业技能提升行动；支持筹办第46届世界技能大赛。,650000.0,,上海市2022年预算.txt
东部,上海,2022,财政预决算报告,human,教育,支持发展公平而有质量的教育。支出296.5亿元，支持推进地方高水平大学和“双一流”建设等；完善研究生经费投入机制；修订教育专项转移支付管理办法，支持各区在基础教育和职业教育领域开展改革试点；落实义务教育“双减”政策，支持课后服务、学校体育场地开放、学龄前儿童善育工程等项目实施；推动完善新时代上海职工继续教育体系，支持产教融合型企业兴办职业教育。,2965000.0,,上海市2022年预算.txt
东部,上海,2022,财政预决算报告,human,医疗,推进健全养老托幼等社会保障体系。稳步提高城乡居民基础养老金、企业退休人员基本养老金、城乡居民最低生活保障金、重残无业人员机构养护补贴等保障水平。支出119.2亿元，深化长期护理保险制度试点。推进社区养老服务设施建设，引导各区建设社区综合为老服务中心、助餐场所、养老床位、认知障碍照护床位、实施居家环境适老化改造等。实施“以奖代补”政策，促进养老服务机构健康发展。支持早餐工程深入实施。研究调整生育医疗费补贴标准，支持优化生育政策落地实施。支持普惠性托育机构建设。,1192000.0,,上海市2022年预算.txt
东部,上海,2022,财政预决算报告,human,医疗,支持推进健康上海行动。支出117亿元，支持公立医院基本建设和大型医疗设备购置，推进市级优质医疗资源扩容并向郊区均衡布局，促进实施市级医院临床技能与临床创新三年行动计划，促进中医药传承创新发展。安排落实城乡居民医疗保险补助资金85.8亿元，提高城乡居民医疗保险筹资水平。支持国家药监局药品、医疗器械审评检查长三角分中心建设。,1170000.0,,上海市2022年预算.txt
东部,上海,2022,财政预决算报告,human,文化,支持加强公共文化建设。支出90亿元，支持中共一大纪念馆等红色文化传承地建设；做好上海博物馆东馆、上海图书馆东馆、少儿图书馆新馆、天文馆、世博文化公园等公共文化设施建设保障；发挥市级宣传文化专项资金和创意设计产业发展专项资金等资金的引导作用，加快文化创意产业创新发展；支持办好市民文化节、上海旅游节等重大文旅节庆活动；加大对文物保护和非物质文化遗产传承的支持力度；贯彻国家奥运战略，促进竞技体育发展，支持办好首届赛艇公开赛等赛事活动，引领带动全民健身。,900000.0,,上海市2022年预算.txt
东部,上海,2022,财政预决算报告,physical,未明确方向,全面推进数字城市建设。支出31.3亿元，围绕推进治理数字化转型，重点支持政务服务“一网通办”和城市运行“一网统管”体系建设；积极推进经济数字化、生活数字化转型，支持重点领域数字产业发展，赋能传统产业转型升级，推动便民就医工程、停车难综合治理工程等应用场景建设；发挥新型基础设施建设优惠利率信贷专项贴息等资金的杠杆作用，引导社会资本加大投入，支持新型基础设施建设。,313000.0,,上海市2022年预算.txt
东部,上海,2022,财政预决算报告,physical,未明确方向,持续推进生态环境治理。支出137.7亿元，支持黄浦江两岸公共空间功能提升工程、苏州河两岸公共空间贯通工程，推进“一江一河”城市治理；推动竹园白龙港污水连通管等工程建设，推进河道整治、农村生活污水治理等；继续支持垃圾分类处置，推动老港湿垃圾二期等工程建设；促进完成崇明世界级生态岛建设第四轮三年行动计划；支持长江流域重点水域禁捕退捕。研究设立土壤污染防治基金，推进土壤污染防治。支持国家绿色发展基金发挥引导作用，服务长江经济带绿色发展。,1377000.0,,上海市2022年预算.txt
东部,上海,2022,财政预决算报告,physical,交通,支持推动节能减排。围绕碳达峰、碳中和目标，制定节能减排（应对气候变化）专项资金管理办法。支出58.3亿元，支持工业、建筑、交通节能低碳和大气、水污染减排等项目，推进重点领域节能技术改造、建筑节能和绿色建筑示范项目建设、国三柴油车提前报废、新能源汽车推广以及公共充电桩建设等。,583000.0,,上海市2022年预算.txt
东部,上海,2022,财政预决算报告,human,法律援助,推进平安上海建设。支出77.9亿元，推动健全公共安全、社会治安、网络安全、应急管理、消防安全、防汛防台、食品安全等体系；支持健全应急管理体系，推动加强重点行业领域安全风险隐患排查化解，支持开展首轮自然灾害综合风险普查；推进消防安全综合治理，支持北横通道等重点区域消防设施配备，保障老旧小区加装消防设施等民生实事。研究加大法律援助工作保障力度，推动全面依法治市。,779000.0,,上海市2022年预算.txt
东部,上海,2023,财政预决算报告,physical,交通,以城市治理现代化为保障，深入践行人民城市理念。用好市级建设财力资金、地方政府债券资金，保障重点交通基础设施建设、社会民生领域重点项目建设等。安排市级资金大力支持“两旧一村”改造，推动既有多层住宅加装电梯工作加快落地，支持居民用户燃具连接软管更换。制定新一轮河道整治支持政策，持续深入打好“碧水保卫战”，推进河道生态环境改善以及水质提升。全市公共安全支出473.5亿元，支持完善公共安全、社会治安防控体系，促进安全韧性城市建设。积极申报国债项目，做好地方资金配套，强化和提升本市防范和应对自然灾害的能力,4735000.0,,上海市2023年市级决算.txt
东部,上海,2023,财政预决算报告,human,就业,支持稳定和扩大就业。加大精准帮扶力度，全市多渠道统筹安排88亿元，综合实施高校、中职毕业生就业补贴、一次性吸纳就业补助等政策，持续强化高校毕业生、困难人群等重点群体就业支持和帮扶。提高“三支一扶”人员生活待遇，支持鼓励高校毕业生扎根基层。不断支持强化岗位技能培训，助力提高就业质量。实施创业担保贷款及贴息政策，发放创业担保贷款近20亿元，持续推动重点群体人员创业就业税费优惠政策落实落细，鼓励支持创业带动更多就业。,880000.0,,上海市2023年市级决算.txt
东部,上海,2023,财政预决算报告,human,补贴,深入推进乡村振兴建设。持续强化涉农专项资金统筹整合，深化政策性担保、农业保险等金融工具与财政补贴政策的有机联动，构建“政银保担”四方合作新模式。支持美丽乡村、乡村振兴示范村培育。推动科技创新与农业发展深度融合。投入78.8亿元，积极推进东西部协作与对口支援，支持对口帮扶地区巩固拓展脱贫攻坚成果同乡村振兴有效衔接，深化与革命老区重点城市对口合作。,788000.0,,上海市2023年市级决算.txt
东部,上海,2023,财政预决算报告,human,文化,助推文旅体育事业发展。全市文化旅游体育与传媒支出152.7亿元。大力支持弘扬社会主义先进文化，保障中共一大纪念馆等红色文化传承地建设。推进现代公共文化服务体系建设，支持打造100个“社会大美育”课堂。延续设立宣传文化发展专项资金，制定管理办法，支持提升文化创意产业能级。支持举办上海国际电影节、上海之春音乐节等重大节庆活动，带动文旅消费增长。支持体育事业加快发展，保障更多公共体育场馆向社会免费或低收费开放。,1527000.0,,上海市2023年市级决算.txt
东部,上海,2023,财政预决算报告,human,教育,支持发挥教育基础作用和人才支撑作用。进一步加大财政教育投入，上半年，全市财政教育支出525.3亿元，同比增长6.7%。支持全面深化高等教育综合改革，继续提高市属高校生均定额标准1000元，保障市属高校基本办学经费，扩大高校经费使用自主权。支持高校“双一流”建设，研究完善高校基础研究特区建设方案，推动上海基础研究高地建设。推进与境外高校战略合作，拟订新一轮支持上海纽约大学方案，推动联合国教科文组织一类中心STEM教育研究所落户上海。优化完善人才发展专项资金管理，支持人才发展体制机制综合改革试点，努,5253000.0,,上海市2023年市级决算.txt
东部,上海,2023,财政预决算报告,human,教育,坚持总量和结构并重，加大资金统筹力度，保持支出强度，加快支出进度，优先保障疫情防控、支持经济恢复重振、基本民生等重点支出。教育支出312.2亿元，完成调整预算的101.4%；社会保障和就业支出467.2亿元，完成预算的99.6%；卫生健康支出381.9亿元，完成预算的143.7%；节能环保支出137.3亿元，完成调整预算的101.7%；交通运输支出275.8亿元，完成预算的99%。,3122000.0,,上海市2023年预算.txt
东部,上海,2023,财政预决算报告,physical,未明确方向,特别是面对疫情冲击，我们迅速响应、主动作为，及时预拨应急处置资金，强化监测基层库款保障情况，第一时间明确支出责任，加大市对区支持力度，新增安排市对区疫情防控一揽子转移支付补助资金，并将中央下达本市的减税降费补助资金重点向区级倾斜，及时分配下达各区215.7亿元补充区级财力。加大政府“四本预算”统筹力度，通过进一步压减一般性支出、盘活存量资金以及动用预算稳定调节基金等方式，保障支持疫情防控和经济恢复重振。落实积极的财政政策，灵活运用各类财政工具，支持市场主体纾困解难，促进经济加快企稳回升，保持社会,2157000.0,,上海市2023年预算.txt
东部,上海,2023,财政预决算报告,human,医疗,全力以赴支持疫情防控。积极筹措资金，切实保障疫情防控经费，促进完善公共卫生体系建设，全力提升医疗救治能力，关心关爱医务人员，确保不因资金问题影响医疗救治和疫情防控。明确划分市区两级在疫情防控方面的财政事权和支出责任，细化落实各项经费保障。市级安排支出167.7亿元用于医疗救治、发热门诊改造、疫苗接种、定点医疗机构开办运营、方舱医院建设、购置诊疗设备、发放医务人员临时性工作补助、服务保障外省市援沪医疗队、提升核酸检测能力等。为支持各区疫情防控，缓解财政收支矛盾，进一步加大市对区转移支付力度，在年初,1677000.0,,上海市2023年预算.txt
东部,上海,2023,财政预决算报告,human,补贴,加快推动经济恢复重振。落实市级建设资金473.8亿元，用好地方政府专项债券等资金，支持轨道交通等交通基础设施建设、社会民生等领域的重大项目，促进扩大有效投资。投入11.5亿元，支持发放“爱购上海”电子消费券、举办“五五购物节”等重大促消费活动，发放促进汽车消费补贴、绿色智能家电消费补贴，激发消费市场活力。整合设立商务高质量发展专项资金，扩大支持范围和力度。投入外经贸相关政策资金，持续支持稳外贸稳外资。继续综合运用专项资金、政府投资基金等，促进三大先导产业加快发展。支持“五型经济”全面发力，促进培,4738000.0,,上海市2023年预算.txt
东部,上海,2023,财政预决算报告,physical,未明确方向,支持“三大任务、三大平台”建设。投入117.8亿元，加快推动临港新片区基础设施和公共设施建设。持续推进新片区内重点产业企业所得税优惠政策精准实施，促进重点产业加速集聚。安排专项资金11.8亿元，支持长三角生态绿色一体化发展示范区建设。制定出台有关支持上海长三角技术创新研究院建设和发展的若干政策措施。会同江苏、浙江两省，制定示范区政府采购管理改革试点实施方案，明确提出“共享政府采购电子交易管理平台”等6项改革任务，稳步推进长三角区域政府采购一体化。运用专项资金、债券等政策工具，支持虹桥国际开放枢纽,1178000.0,,上海市2023年预算.txt
东部,上海,2023,财政预决算报告,human,教育,支持科技创新和教育现代化建设，促进打造高水平人才高地。投入168.9亿元，用于前沿基础研究和重要领域关键核心技术攻关等，聚焦保障在沪国家实验室、大科学设施及重大科研项目，支持长三角国家技术创新中心建设和发展。运用政府采购政策支持创新产品示范应用。深化财政科技经费分配使用机制改革，修订上海市财政科研项目专项经费管理办法，扩大科研项目预算自主编制和调剂权，放宽科研经费结余留用政策。扩大财政科研项目经费“包干制”试点范围，赋予科研单位和科研人员更大的经费自主权。投入312.2亿元，支持推进教育综合改革,1689000.0,,上海市2023年预算.txt
东部,上海,2023,财政预决算报告,human,医疗,支持就业和社会保障。投入467.2亿元，支持就业优先、健全社会保障体系。其中，对受疫情影响较大的困难行业中不裁员少裁员的企业，给予一次性稳岗补贴，惠及1.7万家企业；对招录登记失业三个月以上人员或本市高校应届毕业生的企业，给予一次性吸纳就业补贴，支持高校毕业生、就业困难人员等重点群体就业；对受疫情影响的用人单位开展线上职业培训，给予培训补贴；对符合条件的电商平台和邮政快递企业上岗工作的一线人员阶段性给予补贴，支持相关行业和企业稳岗留工有序运行。调整提高各类养老金、低保、医保、失保等民生保障待遇，,4672000.0,,上海市2023年预算.txt
东部,上海,2023,财政预决算报告,human,医疗,支持推进健康上海建设。投入381.9亿元，落实城乡居民医疗保险补助资金，提高城乡居民医疗保险筹资水平；推进五个新城和南北转型地区医院建设，促进优质医疗资源均衡布局；支持市级医院创建国家医学中心，推动临床研究医企融合创新，实施中医药传承创新发展三年行动计划，促进公立医院高质量发展；完善公共卫生体系，落实公共卫生应急管理条例，完成第五轮公共卫生体系建设三年行动计划，支持上海市病毒研究院等新型研究机构建设，提升公共卫生应急管理能级。,3819000.0,,上海市2023年预算.txt
东部,上海,2023,财政预决算报告,physical,住房,推动改善市民居住条件。统筹平衡资金，投入240.9亿元，加快推进成片二级旧里以下房屋改造、旧住房成套改造、城中村改造等，支持深入实施既有多层住宅加装电梯、人行天桥加装无障碍电梯等城市有机更新改造工程。,2409000.0,,上海市2023年预算.txt
东部,上海,2023,财政预决算报告,human,文化,促进文化旅游体育事业发展。投入75.7亿元，保障上海博物馆东馆、上海图书馆东馆等重大公共文化和体育设施建设运行，支持办好市民文化节、上海旅游节等重大文旅节庆活动。加大对文物保护和非遗传承的支持力度，完成长江口二号古船整体打捞并推进存放保护工作。支持新建社区市民健身中心等。保障上海市第十七届运动会顺利举办。,757000.0,,上海市2023年预算.txt
东部,上海,2023,财政预决算报告,physical,交通,支持生态环保建设。投入98.7亿元，重点支持推进河道整治、农村生活污水治理。支持推进崇明世界级生态岛建设三年行动计划。围绕碳达峰碳中和目标任务，推进加快培育绿色企业、绿色产业链，支持重点领域节能技术改造、绿色建筑示范项目建设、国三柴油车提前报废、新能源汽车推广以及公共充电桩建设等。发挥国家绿色发展基金作用，引领社会资本，加强长江经济带沿线环境保护、污染防治、绿色交通、清洁能源和能源资源节约利用。,987000.0,,上海市2023年预算.txt
东部,上海,2023,财政预决算报告,physical,未明确方向,支持完善公共安全和应急保障体系。投入90亿元，用于社会治安、安全生产、灾害防治、消防等体系建设，保障城市安全有序运行。进一步增强物资保供能力和各类应急物资储备，强化城市韧性。,900000.0,,上海市2023年预算.txt
东部,上海,2023,财政预决算报告,human,补贴,落实乡村振兴战略。统筹整合农业绿色生产补贴、都市现代农业发展、农田建设、科技兴农、美丽乡村建设等涉农专项，设立乡村振兴专项资金，加快推动本市“三园”工程建设。积极应对农资价格上涨等影响，对种粮农民发放一次性补贴。投入77.8亿元，深化东西部协作和对口支援，启动与革命老区对口合作，支持对口地区以发展促进巩固拓展脱贫攻坚成果，有效衔接乡村振兴。,778000.0,,上海市2023年预算.txt
东部,上海,2024,财政预决算报告,human,教育,支持发展新质生产力。支持以科技创新引领新质生产力发展，全市科学技术支出635.5亿元，同比增长20.3%。支持基础研究先行区建设，全力支持国家实验室、新型研发机构等建设运行，对从事基础研究的科研人员给予长周期稳定支持，帮助解决科研人员后顾之忧。推进设立“大零号湾”专项资金，支持提升区域科技创新策源功能。加大投入力度，综合运用促进产业高质量发展专项资金、战略性新兴产业发展、科技创新计划专项资金等，支持三大先导产业、国家重点产业链领域项目、智能工厂和技术改造，推动健全现代化产业体系。设立促进工业高质,6355000.0,,上海市2024年市级决算.txt
东部,上海,2024,财政预决算报告,human,医疗,支持医疗卫生和文体事业发展。全市卫生健康支出732.2亿元。支持实施第六轮加强公共卫生体系建设三年行动计划，支持优质医疗资源扩容下沉和区域均衡布局，提高基层医疗卫生机构服务能力。支持临床研究体系和能力建设以及医学队列建设，强化市级医院临床能力提升、学科人才队伍建设等经费保障，促进提升整体诊疗水平和服务质量。全市文化旅游体育与传媒支出151.8亿元。设立新一轮促进文化创意产业发展专项资金，支持文化产业繁荣发展。大力保障文化惠民工程，支持上海大歌剧院、长江口二号古船博物馆等公共文化场馆建设，推进打造,7322000.0,,上海市2024年市级决算.txt
东部,上海,2024,财政预决算报告,human,补贴,支持城乡协调发展。做好资金统筹平衡，通过调整支出结构、拓宽资金来源，积极争取国家地方政府专项债券额度支持，推进旧区改造、旧住房成套改造和“城中村”改造项目。安排既有多层住宅加装电梯补助，加大历史风貌保护、城市污水管网建设支持力度，推动城市基础设施改造，促进城市有机更新。全市农林水支出458.2亿元，同比增长14.8%。支持推进耕地保护、高标准农田建设、盐碱地土壤改良和综合利用试点，落实秸秆综合利用补贴和农业生产救灾补助，夯实粮食安全保障基础。支持启动市级“五好两宜”和美乡村试点和第三轮农村综合帮,4582000.0,,上海市2024年市级决算.txt
东部,上海,2024,财政预决算报告,human,补贴,推进城市转型发展和能级提升。落实城市数字化转型专项资金，聚焦数字经济核心产业，支持数字化场景以及全领域区块链数字底座建设，推动“一网通办”“一网统管”“一网协同”基础支撑作用不断增强。全市节能环保支出165.3亿元。在全国率先制定实施国四柴油车淘汰更新补贴政策以及国二非道路移动机械更新补贴政策。全面落实水资源费改税试点。完善河湖水利补贴政策体系，推动水务海洋高质量发展。对达到高标准生活垃圾分类的小区（村）予以奖励，以奖代补支持开展生活垃圾分类优化提升，促进生活垃圾资源回收利用和源头减量。全市公共,1653000.0,,上海市2024年市级决算.txt
东部,上海,2024,财政预决算报告,human,教育,坚持总量和结构并重，加大资金统筹力度，保持支出强度，加快支出进度，优先保障支持经济发展、基本民生、城市治理等重点支出。科学技术支出265.3亿元，增长57.1%；节能环保支出184.3亿元，增长34.2%；交通运输支出341.4亿元，增长23.8%；教育支出336.5亿元，增长7.8%；社会保障和就业支出474.6亿元，增长1.6%。,2653000.0,,上海市2024年预算.txt
东部,上海,2024,财政预决算报告,physical,产业园,支持建立现代化产业体系。市级财政投入超500亿元，运用专项资金、政府投资基金等方式，支持三大先导产业发展，推动六大重点产业智能化、绿色化、融合化高质量发展，促进培育新赛道产业和未来产业。支持推动本市大模型创新发展，助力大模型智能算力加速计划。加大技术改造资金投入，鼓励企业加大技术改造投资力度。设立智造空间专项转移支付资金，鼓励各区推进“工业上楼”，进一步拓展制造业发展空间，促进产业园区集约化规模化发展。,5000000.0,,上海市2024年预算.txt
东部,上海,2024,财政预决算报告,physical,未明确方向,支持高水平科技自立自强。加大财政科技投入，全市财政科技支出528.1亿元，增长36.7%，其中，市级支出265.3亿元，增长57.1%。支持加强基础研究，保障基础研究先行区建设。支持强化关键核心技术攻关和科技成果转移转化，促进新型研发机构加快发展，支持布局实施一批重大技术攻关和应用示范项目。支持高质量孵化器建设，助力硬科技企业培育和未来产业高质量发展。支持构建具有全球竞争力的开放创新体系，持续探索改革财政科技投入方式，健全“赛马制”“包干制”等机制，优化科研经费绩效评价和监管制度，为更多科研单位,5281000.0,,上海市2024年预算.txt
东部,上海,2024,财政预决算报告,human,文化,推动文旅体育事业发展。全市财政投入152.7亿元，大力支持公共文化体系建设，提高公共文化服务覆盖面和实效性，满足人民高品质精神文化需求，积极支持上海大歌剧院等建设，支持举办上海国际电影节、上海之春音乐节等重大文旅节庆活动，促进文旅产业加快恢复。制定《上海市宣传文化发展专项资金管理办法》，进一步整合优化支持范围，加快文化创意产业创新发展。支持公共体育场馆向社会免费或低收费开放，优化全民健身设施资源供给，促进体育事业加快发展。,1527000.0,,上海市2024年预算.txt
东部,上海,2024,财政预决算报告,physical,交通,聚力引导绿色低碳发展。全市财政节能环保支出255亿元，增长25.1%。出台《上海市财政支持做好碳达峰碳中和工作的实施意见》，构建有利于资源高效利用和绿色低碳发展的财政政策支持体系。落实节能减排专项资金，支持工业、交通、建筑业节能减排，推动产业结构调整和产业绿色发展。支持大力发展可再生能源和新能源，开展氢燃料电池示范应用，促进资源循环利用，推动循环经济发展。发挥财政资金引导作用，加快推进发展方式绿色转型，促进经济社会可持续高质量发展。,2550000.0,,上海市2024年预算.txt
东部,上海,2024,财政预决算报告,physical,未明确方向,支持提升城市安全保障能级。全市财政投入公共安全支出473.5亿元，支持推进平安上海建设，支持完善公共安全、社会治安防控体系和科技支撑体系，提升公共安全风险防控能力。完善城市应急管理资金保障机制，支持实施老旧小区建筑消防设施改造提升，做好防汛救灾财力保障，支持更换燃气软管，促进建立燃气安全长效机制，筑牢城市运行安全底线。,4735000.0,,上海市2024年预算.txt
东部,上海,2025,财政预决算报告,human,教育,坚持总量和结构并重，加大资金统筹力度，保持支出强度，加快支出进度，优先保障支持经济发展、基本民生、城市治理等重点支出。教育支出343.8亿元，完成预算的99.6%；科学技术支出353.2亿元，完成调整预算的99.9%；社会保障和就业支出512.4亿元，完成预算的96.2%；节能环保支出99.5亿元，完成预算的140.3%；交通运输支出389.3亿元，完成预算的102.5%。,3438000.0,,上海市2025年预算.txt
东部,上海,2025,财政预决算报告,physical,未明确方向,落实重大战略资金保障。设立第二轮长三角生态绿色一体化发展示范区先行启动区财政专项资金，保持江浙沪“两省一市”出资规模三年累计不少于100亿元。延续设立虹桥国际中央商务区专项发展资金，强化要素支撑和政策保障，支持虹桥国际中央商务区进一步提升能级。做好第七届进博会资金保障。,1000000.0,,上海市2025年预算.txt
东部,上海,2025,财政预决算报告,human,教育,支持新质生产力加快培育发展。综合运用促进产业高质量发展专项资金、战略性新兴产业发展专项资金、政府投资基金等，支持现代化产业体系建设。加大技术改造资金投入，鼓励企业加大技术改造投资力度。出资支持设立千亿级三大先导产业母基金，促进培育新赛道产业和未来产业。进一步加大财政科技投入，全市财政科学技术支出635.5亿元，同比增长20.3%。支持基础研究先行区建设，支持在沪国家实验室、基地、全国重点实验室以及上海市重点实验室建设运行，强化在沪国家战略科技力量。发挥财政资金引导作用，支持加快重点领域关键核心技,6355000.0,,上海市2025年预算.txt
东部,上海,2025,财政预决算报告,human,医疗,支持开展健康上海行动。全市卫生健康支出732.2亿元。支持第六轮公共卫生体系建设三年行动计划，完善公共卫生体系。支持临床研究体系和能力建设以及成果转化改革试点，强化市级医院临床能力提升、学科人才队伍建设等经费保障，促进提升整体诊疗水平和服务质量。支持优质医疗资源下沉，加快市级三甲医院郊区项目推进，推动加强基层医疗卫生服务能力建设。,7322000.0,,上海市2025年预算.txt
东部,上海,2025,财政预决算报告,human,文化,推进公共文化事业发展。全市文化旅游体育与传媒支出151.8亿元。持续用好宣传文化发展专项资金，设立新一轮促进文化创意产业发展专项资金并出台管理办法，加大对文创产业发展的支持力度。聚焦弘扬社会主义先进文化，支持实施文化惠民工程，推进上海大歌剧院开办、长江口二号古船现场文物保护等重大文化设施项目建设，扩大公共文化服务保障供给。,1518000.0,,上海市2025年预算.txt
东部,上海,2025,财政预决算报告,physical,未明确方向,推进建设安全韧性城市。全市公共安全支出491.7亿元，同比增长3.8%。支持推进平安上海建设，支持完善公共安全、社会治安防控体系和科技支撑体系，提升公共安全风险防控能力。支持更换燃气软管，促进建立燃气安全长效机制，筑牢城市运行安全底线。保障城市应急管理资金，支持实施老旧小区建筑消防设施改造提升，支持做好粮食储备，促进提升城市应急管理能力。,4917000.0,,上海市2025年预算.txt
东部,北京,2022,财政预决算报告,physical,未明确方向,②委员视察决算数为２８５万元，比２０２２年调整预算减少１７０万元，下 降３７􀆰４％，主要是因疫情原因减少现场调研视察等相关工作。 （３）政府办公厅（室）及相关机构事务决算数为２９３８９６万元，比 ２０２２年调整预算增加１７４７５万元，增长６􀆰３％。其中： ①行政运行决算数为７８３６６万元，比２０２２年调整预算增加４６９１万元， 增长６􀆰４％，主要是人员经费正常调资及落实国家有关政策导致经费增加。 ②信访事务决算数为２７５２万元，比２０２２年调整预算减少５５７万元， 下降１６􀆰８％，主要是按照全市,285.0,,北京市2022年决算.txt
东部,北京,2022,财政预决算报告,human,人才,④社会保险经办机构决算数为５７２万元，比２０２２年调整预算减少１００万元，下降１４􀆰９％，主要是因业务流程调整优化，减少材料邮寄费等相关 支出。 ⑤劳动关系和维权决算数为５８４万元，比２０２２年调整预算增加９１万元，增长１８􀆰４％，主要是增加了部分重点项目咨询服务经费。 ⑥政府特殊津贴决算数为０万元，比２０２２年调整预算减少１５０万元， 下降１００％，因“突出贡献”评选工作尚未结束，因此调整津贴发放计划， 调减相应支出。 ⑦博士后日常经费决算数为２２４７万元，比２０２２年调整预算减少８３８万元，,572.0,,北京市2022年决算.txt
东部,北京,2022,财政预决算报告,human,卫生,②执业资格注册、资质审查决算数为２９３万元，比２０２２年调整预算减 少１６０万元，下降３５􀆰３％，主要是在疫情冲击严重时，为确保考生健康取 消了部分考试，调减相应支出。 （２）城乡社区规划与管理决算数为６６５４万元，比２０２２年调整预算增 加２７４万元，增长４􀆰３％，主要是人员经费正常调资及落实国家有关政策导 致经费增加。 （３）城乡社区公共设施决算数为１５８９９５６万元，比２０２２年调整预算增 加１１３２７２万元，增长７􀆰７％，其中： ①轨道交通支出决算数为１２５１１８３万元，比２０２２年调整,293.0,,北京市2022年决算.txt
东部,北京,2022,财政预决算报告,physical,能源,（二）支持国有资本投资运营平台建设１７亿元，主要用于支持国有资 本投资运营公司，增强国有资本实力和投资运营能力，提高国有资本配置 和运营效率。 （三）支持产业发展２１．３亿元，优化国有资本布局，聚焦集成电路、 绿色能源、智能制造等重点行业领域，推动本市产业升级和国有企业高质 量发展。 （四）支持国有企业提升自主创新能力８．５亿元，开展核心技术攻关， 加强应用场景开放建设，加快创新成果产业化，促进科技成果在京转化 落地。 １１１,170000.0,,北京市2022年决算.txt
东部,北京,2022,财政预决算报告,human,教育,"推进职业教育特色院校、骨干专业和实训基地建设。支持高校“双 一流”建设和分类发展,促进高校重点学科专业发展和科研水平提 高。改善各类学校基础设施,不断提高学校办学保障条件。提高 乡村教师待遇水平,落实家庭经济困难学生资助政策。 科学技术支出347.1亿元,完成调整预算的100.1%。主要 用于推动国际科技创新中心加快建设。促进基础前沿类项目及核 心技术研发,支持医药创新、智能制造、区块链技术研发等前沿科 技项目,加大对国家实验室建设投入,支持启元实验室、脑科学中 心、北京量子信息科学研究院等新型",3471000.0,,北京市2022年预算.txt
东部,北京,2022,财政预决算报告,human,社保,"金撬动作用,支持实体经济发展。修订印发《北京市市级政府投资 基金管理办法》,进一步规范基金设立审批,加强财政出资管理,提 高基金运行效能。政府对基金累计出资451亿元、撬动社会资本 1471亿元,累计投资5014个项目,政府出资引导放大倍数至4 倍。持续推广PPP模式,加强项目评估和项目库规范管理,项目 签约落地率达93%,远高于全国平均水平,居全国第一。三是综 合运用财政补贴、融资担保等政策工具“组合拳”,支持中小微企 业、民营企业发展。将政府采购预留中小企业份额提高至40%, 高于国家规定1",4510000.0,,北京市2022年预算.txt
东部,北京,2022,财政预决算报告,human,教育,"深化零基预算管理改革、优化支出结构、拓展预算绩效管理、实施 预算管理一体化等一系列措施,促进紧平衡下财政资金提质增效。 教育支出安排379.6亿元,增长1.6%。在保障政策上主要 是落实中央教育投入增长要求和义务教育“双减”政策,推动建设 高质量教育体系。在支出方向上主要用于继续推进学前教育发 展,强化办园质量提升导向,建设一批普惠托育服务设施。落实 “双减”课后服务经费保障,优化中小学实践活动内涵,推进“五育” 并举,提升教育教学质量。支持义务教育薄弱环节提升,促进义务 教育均衡、普通高中多样",3796000.0,,北京市2022年预算.txt
东部,北京,2022,财政预决算报告,human,养老,"果落地转化。支持中关村国家自主示范区建设,提升科技园区创新 创业能力,营造创新生态环境,推动一区多园高质量协同发展等。 促进智能制造与装备、生物医药等高精尖产业发展。培育首都科技 领域前沿顶尖人才,支持中关村高端人才聚集工程。持续推动京津 冀科技创新协同、科技创新区域合作。 文化旅游体育与传媒支出安排108.3亿元,增长4.8%。在 保障政策上主要是支持繁荣发展社会主义先进文化,推进全国文 化中心建设。在支出方向上主要用于支持广泛开展全民健身活 动,支持举办北京冬奥会、冬残奥会。加快推进中轴线申",1083000.0,,北京市2022年预算.txt
东部,北京,2022,财政预决算报告,human,医疗,"卫生健康支出安排237.8亿元,增长4.7%。在保障政策上 主要是继续落实首都公共卫生应急管理体系三年行动计划,加强 公共卫生体系建设。在支出方向上主要用于继续做好疫情防控相 关工作,支持实施居民免费接种新冠疫苗政策。支持朝阳医院、友 谊医院、积水潭医院、世纪坛医院等市属医院新建院区开办,完善 公立医院分类补偿政策,针对各类医院特点实施差异化补助。保 障农村社区卫生人员待遇,提升基层公共卫生服务能力。落实“三 孩”生育政策,完善普惠托育服务体系,促进人口均衡发展。实施 中医药重点专科提升计划,加",2378000.0,,北京市2022年预算.txt
东部,北京,2022,财政预决算报告,human,就业,"复,支持新一轮百万亩造林工程,进行生物多样性调查评估。支持 开展环境质量和污染源监测,减少能源消耗和污染排放。 城乡社区支出安排208.6亿元,增长4.5%。在保障政策上 主要是落实《北京市城市更新行动计划(2021-2025)》,统筹运用 各类资金,推进城市精细化治理,提高城市治理效能。在支出方向 上主要用于实施首都功能核心区平房(院落)申请式退租等项目, 切实改善人居环境和安全条件。深入推进新一轮疏整促专项行 动。持续做好首都功能核心区、城市副中心、冬奥场馆等重点地区 及城市环境薄弱地区的环",2086000.0,,北京市2022年预算.txt
东部,北京,2023,财政预决算报告,human,教育,"快建设高质量教育体系,促进教育公平发展。调整优化义务教育 经费投向,促进区域教育资源合理配置,健全义务教育“双减”工作 长效机制,保障义务教育课后服务。加快推进职业院校重点实训 基地和产教融合建设,打造特色高水平职业院校。促进高等教育 高质量发展,支持高校开展“双一流”建设,推动沙河、良乡高教园 区建设取得明显成效。着力推进高校毕业生就业创业,引导高校 科研与产业需求、科技转化对接。 科学技术支出379.9亿元,完成调整预算的100.7%,主要用 于国际科技创新中心建设,进一步支持“三城一区”联",3799000.0,,北京市2023年预算.txt
东部,北京,2023,财政预决算报告,human,医疗,"主要用于完善多层次的社会保障体系,提高基本公共服务供给能 力。落实基本养老、基本医疗保险筹资和待遇调整政策,保障群众 社保待遇水平稳步提高。支持推行长期护理保险试点。落实退役 军人安置等政策,保证军队移交地方政府人员的生活和医疗待遇, 支持英雄烈士纪念设施修缮维护。加大对残疾人权益维护、残疾 人康复、残疾人就业等支持力度,持续优化无障碍设施环境。 卫生健康支出264.2亿元,完成调整预算的111.1%,主要用 于疫情防控,落实首都公共卫生应急管理体系三年行动计划,加强 公共卫生体系建设。积极做好",2642000.0,,北京市2023年预算.txt
东部,北京,2023,财政预决算报告,human,补贴,"桥梁设施使用功能,保障冬奥会和冬残奥会临时交通场站建设,促 进重点地区及重大活动场地周边环境整治提升。继续通过“以奖 代补”方式,鼓励引导各区进一步巩固垃圾分类工作成果。持续推 进背街小巷环境精细化整治,不断提升城市环境水平。 农林水支出156.1亿元,完成调整预算的96.2%,低于调整 预算主要是百万亩造林项目等实际执行量小于年初预计。主要用 于支持深入实施乡村振兴战略,提升城市绿化品质。落实对种粮 农民、农机购置等各类农业补贴政策,强化本市粮食安全保障。推 动实施第三批800个村美丽乡村建设",1561000.0,,北京市2023年预算.txt
东部,北京,2023,财政预决算报告,human,教育,"出、市对区共同事权转移支付和专项转移支付等方式,保障好市级 部门和各区重点领域支出需求。 教育方面,市级支出安排477.2亿元,其中:市本级328.9亿元,市对区转移支付148.3亿元。主要是落实中央教育投入增长 要求和义务教育“双减”政策,支持建设高质量教育体系。重点支 持继续落实普惠性幼儿园财政补助政策,促进学前教育发展;巩固 提升“双减”工作成效,支持出台中小学学位建设专项行动计划,新 增学位2万个,促进义务教育优质均衡发展和城乡一体化;完善职 业教育和培训体系,深化产教融合;支持高校“双",4772000.0,,北京市2023年预算.txt
东部,北京,2023,财政预决算报告,human,医疗,"展;支持科技成果转化模式创新,激发创新主体活力,营造一流创 新创业生态。 文化旅游体育与传媒方面,市级支出安排134.4亿元。主要 是加强全国文化中心建设,促进首都文化繁荣发展,提升大国首都 文化软实力和国际影响力。重点支持强化社会主义核心价值观的 引领作用,加强首都红色文化建设;支持深化文明城区创建,争创 全国文明典范城市;深入推进中轴线申遗保护,推进核心区腾退保 护利用;加强老字号传承创新和非物质文化遗产保护;统筹推进 “一城三带”保护发展,支持大运河国家文化公园和长城国家文化 公园建设;支",1344000.0,,北京市2023年预算.txt
东部,北京,2023,财政预决算报告,human,教育,"难题提供“北京方案”;进一步完善退役军人服务保障体系;继续提 高优抚对象抚恤优待保障待遇;继续落实供热补贴、困难群众价格 补贴,降低百姓生活成本。 卫生健康方面,市级支出安排327.7亿元,其中:市本级 291.3亿元,市对区转移支付36.4亿元。主要是支持深化公立医 院改革,健全公共卫生体系,推进健康北京建设。重点支持落实好 新阶段疫情防控举措,保障医疗服务有效运转,维护人民群众生命 安全和身体健康;支持实施首都防疫设施专项规划,加强公共卫生 应急管理体系建设;开展公立医院高质量发展试点,持续",3277000.0,,北京市2023年预算.txt
东部,北京,2023,财政预决算报告,human,补贴,"京战略,持续推动绿色发展,积极稳妥推进碳达峰碳中和,进一步 改善生态环境质量。重点支持推进绿色低碳循环发展,大力发展 绿色经济,开展低碳技术攻关和低碳试点,实施市级工业园区绿色 低碳循环改造;支持打好污染防治攻坚战,持续开展“一微克”行 动,实施城乡水环境治理行动,强化土壤污染风险管控和修复,支 持推进机动车“油换电”;支持开展环境质量和污染源监测,减少能 源消耗和污染排放。 城乡社区方面,市级支出安排279.9亿元,其中:市本级 267.3亿元,市对区转移支付12.6亿元。主要是推进城市精细化",2799000.0,,北京市2023年预算.txt
东部,北京,2023,财政预决算报告,physical,交通,"园;支持南水北调配套工程建设,继续做好南水北调调水和永定河 生态补水,保障全市水资源及供水安全;深化跨区域生态环境协同 治理,实施京冀密云水库流域水生态保护共同行动;健全完善河 长、林长、田长“三长联动、一巡三查”机制。 交通运输方面,市级支出安排353.6亿元,其中:市本级 351.7亿元,市对区转移支付1.9亿元。主要是落实京津冀协同 发展交通一体化战略,完善交通运输基础设施建设养护管理长效 机制。重点支持落实轨道交通授权服务机制,提升轨道交通运营 安全和服务水平;持续完善城市及高速路网,优",3536000.0,,北京市2023年预算.txt
东部,北京,2024,财政预决算报告,human,补贴,⑨农村合作经济决算数为１２６万元，比２０２４年调整预算数减少１０万元，下降７􀆰５％，主要是落实过“紧日子”要求，压减一般性支出。 ⑩农业生态资源保护决算数为１２５１万元，比２０２４年调整预算数减少 ７８万元，下降５􀆰９％，主要是加强资金统筹，将项目采购净结余资金，调 整用于政策性农业保险保费补贴。 􀃊 􀁉 􀁓其他农业农村支出决算数为２０万元，比２０２４年调整预算数增加２０万元，主要是根据法院审理结果，增加安排案件诉讼经费。 （２）林业和草原决算数为１６４０７４万元，与２０２４年调整预算数基本 持,126.0,,北京市2024年决算.txt
东部,北京,2024,财政预决算报告,human,教育,"教育支出495.8亿元。其中:地方财力安排的经费类支出 442.2亿元,包括市本级301.5亿元,完成调整预算的100.0%;市 对区转移支付140.7亿元。主要用于促进各类教育事业发展。持 续扩充中小学学位供给,促进义务教育优质均衡和城乡一体化发 展,保障受灾地区中小学秋季顺利开学;支持幼儿园提供2—3岁 普惠托育服务;完善职业教育和培训体系,促进产教融合;深化市 属高校分类发展改革,支持在京高校高精尖创新中心建设;落实家 庭经济困难学生补助政策等。 科学技术支出435.0亿元。其中:地方财力",4958000.0,,北京市2024年预算.txt
东部,北京,2024,财政预决算报告,human,医疗,"善公共文化设施网络体系,实施文化惠民工程;支持举办体育赛 事,推动体育产业健康发展;助力高水平办好北京文化论坛、北京 国际电影节、北京国际设计周等活动,支持文体商旅融合发展。 社会保障和就业支出456.4亿元。其中:地方财力安排的经 费类支出223.7亿元,包括市本级182.9亿元,完成调整预算的 101.8%;市对区转移支付40.8亿元。主要用于健全多层次社会保障体系。落实惠企稳岗、扩大就业措施,帮助高校毕业生、退役 军人等重点群体就业创业;加强社会兜底保障,稳步提高社保待遇 水平,完善基本养",4564000.0,,北京市2024年预算.txt
东部,北京,2024,财政预决算报告,human,学校,"支持开展低碳技术攻关和低碳试点;强化土壤污染风险管控和修 复,推进城乡水环境治理,不断提升生态环境质量。 城乡社区支出356.4亿元。其中:地方财力安排的经费类支 出233.9亿元,包括市本级222.1亿元,完成调整预算的 103.1%;市对区转移支付11.8亿元。主要用于提升城市治理效 能。支持背街小巷环境精细化治理,打造更多精品宜居街巷;深入 推进生活垃圾分类;多措并举破解老旧小区物业管理难题;持续开 展城市公共空间综合整治工作,提高城市宜居品质。 农林水支出222.0亿元。其中:地方财力安",3564000.0,,北京市2024年预算.txt
东部,北京,2024,财政预决算报告,physical,城市更新,"商业服务业等支出19.8亿元。其中:地方财力安排的经费类 支出(市本级支出)13.0亿元,完成调整预算的95.5%,低于调整 预算主要是结合重要民生商品保供稳价政策实际需求及执行情 况,将部分资金调整用于灾后恢复重建等重点工作。主要用于发 挥消费拉动经济的基础性作用。保障中国国际服务贸易交易会顺 利举办,助力办好“北京消费季”等系列促消费活动,推动实施新一 轮商圈改造提升行动计划;提升便民网点等生活性服务业品质。 住房保障支出32.1亿元。其中:地方财力安排的经费类支出 (市本级支出)23.0亿",198000.0,,北京市2024年预算.txt
东部,北京,2024,财政预决算报告,human,医疗,"动开展。 社会保障和就业支出安排439.1亿元。其中:地方财力安排 的经费类支出227.8亿元,增长1.9%,包括市本级186.4亿元、 市对区转移支付41.4亿元。主要是完善社会保障体系,支持稳就 业工作。重点保障好优抚对象抚恤待遇,完善退役军人服务保障 体系;增加高质量养老服务供给,新建街道(乡镇)区域养老服务中 心100个;统筹运用税收减免、创业担保贷款贴息等政策助力高校 毕业生、退役军人等重点群体就业;开展职业技能培训,提升人才 专业技能。 卫生健康支出安排298.9亿元。其中:地方财力",4391000.0,,北京市2024年预算.txt
东部,北京,2024,财政预决算报告,human,社区,"大永定河、潮白河等重点流域综合治理力度;大力发展绿色低碳产 业,支持低碳技术攻关和低碳试点。 城乡社区支出安排392.4亿元。其中:地方财力安排的经费 类支出238.4亿元,增长1.9%,包括市本级225.8亿元、市对区 转移支付12.6亿元。主要是支持打造更加宜居的城市。重点支 持开展环境综合提升工作,推进花园城市建设,新建小微绿地及口 袋公园50个,推动生活垃圾分类长效化;加快智慧城市建设,深入 推进“一网通办”“一网统管”“一网慧治”等。 农林水支出安排210.8亿元。其中:地方财力安排的",3924000.0,,北京市2024年预算.txt
东部,北京,2024,财政预决算报告,human,学校,"继续推进医院、学校、商圈等重点区域周边交通综合治理;支持受 灾损毁道路修复、国省道改造升级和高速公路建设;加快京津冀交 通一体化建设,促进环京地区通勤圈融合。 商业服务业等支出安排18.0亿元。其中:地方财力安排的经 费类支出(市本级支出)13.3亿元,增长2.2%。主要是加快推进 国际消费中心城市建设。重点支持商圈改造提升行动,建设新消 费地标;加大对物流基地和农产品批发市场转型升级的支持力度; 推进“一刻钟便民生活圈”建设,提高生活性服务业品质;积极培育 数字消费、绿色消费,促进商旅文体等消",180000.0,,北京市2024年预算.txt
东部,北京,2025,财政预决算报告,human,学生,"促进产教融合;推进市属高校分类高质量发展,支持高校高精尖创 新中心建设;落实家庭经济困难学生补助政策等。 科学技术支出465.4亿元。其中:地方财力安排的经费类支 出425.3亿元,包括市本级422.5亿元,完成调整预算的 100.0%;市对区转移支付2.8亿元。主要用于加快国际科技创新 中心建设。支持关键核心技术攻关,保障在京国家实验室在轨运 行和体系化发展;加快建设世界领先科技园区,聚焦支持“三城一 区”联动发展,强化中关村科学城原始创新策源功能,加快怀柔科 学城重大科技基础设施集群应用,提",4654000.0,,北京市2025年预算.txt
东部,北京,2025,财政预决算报告,human,学校,"市对区转移支付11.9亿元。主要用于提升城市治理效能。支持 3号线一期、12号线等轨道交通建设;助力环境综合提升工作,推 进花园城市、背街小巷精细化治理、生活垃圾分类、排水防涝等重 点工作,加快智慧城市建设,提高城市宜居品质。 农林水支出233.9亿元。其中:地方财力安排的经费类支出 212.6亿元,包括市本级94.3亿元,完成调整预算的94.5%,主要 是落实中央要求,将耕地地力保护补贴调整为市对区转移支付支 出;市对区转移支付118.3亿元。主要用于全面实施乡村振兴战 略。推进农业产业振兴,",119000.0,,北京市2025年预算.txt
东部,北京,2025,财政预决算报告,physical,物流,"支出(市本级支出)14.5亿元,完成调整预算的109.1%。主要是 加快推进国际消费中心城市建设。落实汽车、家电等消费品以旧 换新政策,支持商圈改造升级,助力办好“北京消费季”等系列促消 费活动;支持外贸企业提升国际化经营能力,引导跨境电商海外 仓、独立站等新模式加速发展;支持物流基地和农产品批发市场转 型升级,推进“一刻钟便民生活圈”建设。 住房保障支出13.7亿元。其中:地方财力安排的经费类支出 (市本级支出)12.3亿元,完成调整预算的81.4%,主要是将部分 市本级支出调整用于支持各区落",145000.0,,北京市2025年预算.txt
东部,北京,2025,财政预决算报告,human,教育,"高质量发展等重大战略和民生领域经费保障。 教育支出安排518.6亿元。其中:地方财力安排的经费类支 出459.5亿元,增长2.4%,包括市本级315.7亿元、市对区转移 支付143.8亿元。主要是支持教育优先发展,建设首都高质量教 育体系。落实普惠性幼儿园财政补助政策,支持学前教育普及普 惠安全优质发展;积极应对学龄人口高峰,支持中小学扩增学位和 高校新校区开办;加大平安校园建设投入,全面提升校园安全水 平;支持建设高水平中职学校,促进职业教育提质培优;支持市属 高校分类发展改革,持续优化高校空",5186000.0,,北京市2025年预算.txt
东部,北京,2025,财政预决算报告,human,医疗,"入推进全国文化中心建设。重点支持北京中轴线保护传承,保障 路县故城考古遗址公园等重点博物馆开办运行,继续支持长城、大 运河、西山永定河“三条文化带”建设;支持公共文化惠民工程,推 动公共文化服务高质量供给;支持打造中国网球公开赛等高水平 国际赛事,推进全民健身公共服务体系建设,提升群众健康素质。 社会保障和就业支出安排450.5亿元。其中:地方财力安排 的经费类支出239.8亿元,增长2.1%,包括市本级198.4亿元、 市对区转移支付41.4亿元。主要是健全社会保障体系,织密扎牢 社会保障网。",4505000.0,,北京市2025年预算.txt
东部,北京,2025,财政预决算报告,human,补贴,"移支付40.1亿元。主要是巩固污染防治攻坚成果,实施绿色北京 战略。重点支持绿色生态治理,全面守护蓝天碧水净土,加大永定 河、潮白河等重点流域综合治理力度;落实生态涵养区综合性生态 保护补偿,深化跨区域生态环境协同治理。 城乡社区支出安排385.9亿元。其中:地方财力安排的经费 类支出240.9亿元,增长1.4%,包括市本级226.3亿元、市对区 转移支付14.6亿元。主要是推进宜居城市建设。重点支持背街 小巷环境精细化治理,推进垃圾分类、物业管理两个“关键小事”, 提升城市建设品质;加快智慧城",401000.0,,北京市2025年预算.txt
东部,杭州,2021,财政预决算报告,human,就业,"强协同、完善机制,增强政策合力,切实加快执行。市财政统筹投 入超490亿元,促进8个领域各项稳增长政策效应加快显现,助力 提振市场信心,推动经济高质量发展继续走在前列。抢抓“两重” 建设机遇全力扩投资。聚焦科技创新、未来产业、城乡融合等领域 积极谋划储备项目,持续强化专项债券、超长期特别国债申报力 度,全力向上争取试点和政策资金支持。全市新增政府专项债券 资金511.1亿元、“两重”超长期特别国债资金88.9亿元,成功入 选全国首批城市更新行动支持城市、现代商贸流通体系建设试点 城市,全方位服务",4900000.0,,杭州2021决算.txt
东部,杭州,2021,财政预决算报告,human,医保,"购意向、招标、执行结果三张公开清单,优化政府采购资金支付预 警机制,加强财政部政府采购行政裁决示范点建设,持续优化政府 采购营商环境。持续拓展财政票据增值服务,推动长三角财政电 子票据一体化改革,医保跨省零星报销实现全程掌上办。 (二)聚焦创新引领,培育现代产业发展新动能。深入实施三 个“一号工程”,积极塑造以数字经济为核心、实体经济为支撑、科 技创新为引领的现代产业新动能新优势。持续优化政策与体制机 制。全面梳理整合市级产业政策,不断优化财政资源配置,提高产 业政策精准性。实施市属国企参与城镇",558000.0,,杭州2021决算.txt
东部,杭州,2021,财政预决算报告,human,学校,"能网联汽车“车路云一体化”应用标杆城市建设;加快工业企业 “智转数改”和未来工厂建设,“算力券”扩容至每年2.5亿元,支 持建设全球先进制造业基地、全国专精特新名城和中小企业数字 化转型样板城市。打造最优人才生态。市财政投入65.9亿元,全 力推进实施“西湖明珠工程”等重点人才培养项目,加大海外引才 力度,鼓励企业、高校、各类科研院所积极吸纳人才,优化人才服务 环境,全链条贯通人才“引育留用”,全面助力“三支队伍”建设;深 化青年发展型城市建设,实施“春雨计划”“青荷计划”,打好青年 人才提升生",25000.0,,杭州2021决算.txt
东部,杭州,2021,财政预决算报告,human,教育,"全面振兴,支持淳安特别生态功能区建设,扎实推进城乡融合,建 设全域美丽大花园。市财政投入15.4亿元,优化调整西部区县 (市)公共服务优质提升工程,杭二中富春学校、学军中学桐庐学 校、市一医院桐庐医院建成并投入使用,助力西部区县(市)教育、 医疗卫生、社会保障等领域基本公共服务水平明显提升。全市投 入21亿元,持续开展与新疆、西藏、四川等地对口支援和东西部协 作,促进区域协调发展。 (四)深化实践创新,财政管理改革再获新进展。立足新发展 阶段,注重改革的系统性、整体性和协调性,多方同步发力,力争",154000.0,,杭州2021决算.txt
东部,杭州,2021,财政预决算报告,human,医疗,"职工基本医疗保险统 筹基金 2,973,0922,973,0922,905,991",297.31,,杭州2021决算.txt
东部,杭州,2021,财政预决算报告,human,医疗,"职工基本医疗保险个 人账户基金基金 1,576,5241,706,5241,602,745 　转移支出 51,27051,27062,488 　其他支出 122,324122,324133,1014.城乡居民基本医疗保 险基金支出 828,388828,388794,58595.9100.3",157.65,,杭州2021决算.txt
东部,杭州,2021,财政预决算报告,human,医疗,"城乡居民基本医疗保 险基金医疗待遇支出 814,828814,828779,283 　城乡居民大病保险支出 13,56013,56014,032 　其他支出 01,270 — 93 —",81.48,,杭州2021决算.txt
东部,杭州,2021,财政预决算报告,human,医疗,"职工基本医疗保险统 筹基金 2,973,0922,973,0922,905,991",297.31,,杭州2021决算.txt
东部,杭州,2021,财政预决算报告,human,医疗,"职工基本医疗保险个 人账户基金基金 1,576,5241,706,5241,602,745 　转移支出 51,27051,27062,488 　其他支出 122,324122,324133,1014.城乡居民基本医疗保 险基金支出 828,388828,388794,58595.9100.3",157.65,,杭州2021决算.txt
东部,杭州,2021,财政预决算报告,human,医疗,"城乡居民基本医疗保 险基金医疗待遇支出 814,828814,828779,283 　城乡居民大病保险支出 13,56013,56014,032 　其他支出 1,270 — 221 —",81.48,,杭州2021决算.txt
东部,杭州,2021,财政预决算报告,human,教育,"优化财政支出结构,有效保障各项重点支出。 教育支出100.8亿元(含一般债券支出2.7亿元)。推进学前 教育、义务教育、高中教育、民办教育等各类教育优质均衡发展,改 善办学条件,加强校园文化、师生德育、爱国卫生、思想政治和智慧 校园等建设,落实生均经费和市属中小学、高校“奖、助、贷、免、 补”政策,落实“二十年班主任一次性奖励”和荣誉教师码“免费乘 车”政策,支持名师名校长班主任队伍建设。落实博士后资助、院 士专家工作站等人才专项激励政策和人才引育保障机制,支持各 领域高层次、高技能人才发展。推",1008000.0,,杭州2021决算.txt
东部,杭州,2021,财政预决算报告,human,学校,"强文化软实力。推进文旅深度融合发展,支持文旅赋能、特潜行业 促消费等活动。支持历史文化名城建设和南宋皇城保护,保障西 泠印社、孔庙、南宋遗址等历史建筑维护和考古发掘、文物保护修 复。支持重大体育赛事和群众体育活动,支持中小学校体育场地 设施免费向社会开放,实现校园健身服务数字化。 社会保障与就业支出66.5亿元。稳步提升城乡居民养老保 险缴费补贴标准,落实职工养老保险补助、企业退休人员统筹外待 遇。支持“一老一小”友好型社会高质量发展,落实老年人权益保 障政策补助、养老护理员特殊岗位津贴、高龄及",665000.0,,杭州2021决算.txt
东部,杭州,2021,财政预决算报告,human,教育,"本医疗服务和医疗体制改革,推动医学重点“学科+专科”融合协 同发展,助力医疗装备更新和病房改造提升,支持市属公立医院集 团化、一体化发展,持续推进市一医院、市七医院、西溪医院、老年 病医院等建设。支持免费新生儿筛查和产前筛查,落实国家免费 孕前优生健康检查等经费补助,以及支持家庭医生签约服务和城 市居民健康体检。支持市属医疗机构卫生高层次人才引育、西部 区县(市)卫生人才培养,补助住院医师规范化培训和优秀卫技人 才进修,深化与上海交通大学附属新华医院合作。支持全市医院 就医平台建设与信息设备改造",175000.0,,杭州2021决算.txt
东部,杭州,2022,财政预决算报告,human,人才,"能出尽出、精准高效”,迅速出台稳岗、纾困、补强等配套政策和措 施,全市联动加快涉企资金兑付进度,推动政策和资金“稳、准、 快”直达市场主体和群众。全面落实组合式税费支持政策,全市 落实增值税留抵退税546.7亿元。强化资金保障,及时下达留抵 退税专项资金170.05亿元和调度资金227.56亿元,确保税费退减 免缓及时足额到位。加快构建具有国际竞争力的现代产业体系。 市财政投入39.12亿元,优化完善数字经济和制造业产业政策体 系,支持实施新一轮制造业“腾笼换鸟、凤凰涅槃”攻坚行动,积极 培育智",5467000.0,,杭州2022决算.txt
东部,杭州,2022,财政预决算报告,human,医院,"能源安全。 (二)以“优”为先,全域建设“美丽中国”样本。坚持一流标 准、系统推进、生态优先、绿色发展、安全运行,奋力推进新时代美 丽杭州建设的生动实践。做实城市建设“硬基础”。市财政投入 191.66亿元,助力扩投资优结构攻坚行动,持续推进“5433”综合 交通大会战,保障亚运城市侧投入,支持打通“断头路”,加快推进 西险大塘达标加固、城西南排、海塘安澜等重大水利项目,以及学 校、医院、文化体育场馆等建设。提升城乡风貌“软实力”。市财 政投入31.88亿元,扎实推进生态文明示范创建、生态系统治",1916600.0,,杭州2022决算.txt
东部,杭州,2022,财政预决算报告,human,教育,"能、百姓所盼,谋深抓实项目储备,全市①争取新增政府债券资金 376.76亿元,重点支持轨道交通、杭州西站、机场高铁等具有强大 牵引力、带动力的大项目,完善管理机制,加快推动项目实施,确保 债券项目储备、发行规模、支出进度等核心指标全省领先。 (三)以“人”为本,全心书写“共富示范”答卷。努力在促进 共同富裕中发挥财政支撑、保障、引导作用,不断增强百姓获得感、 幸福感、安全感和认同感。全市一般公共预算用于民生方面支出 1965.94亿元,民生投入占比达75%以上。打造共富示范硬核财 政成果。完善以",3767600.0,,杭州2022决算.txt
东部,杭州,2022,财政预决算报告,human,医疗,"情防控支出,完善区域一体、中西并重、医防协同、整体智治、功能 完善、运行高效的医疗卫生服务体系。市财政投入18.59亿元,完 善以公租房、保障性租赁住房和共有产权住房为主体的住房保障 体系。多措并举“扩中”“提低”。市财政投入62.54亿元,加强困 难群众兜底保障,稳步提高社保待遇水平,聚焦重点人群建设高质 量多层次就业创业体系,统一城乡居民养老保险基础养老金标准, 构建共富型大社保体系。落实阶段性降低失业保险、工伤保险费 率、失业保险稳岗返还、困难行业企业社保费缓缴、留工培训和扩 岗补助等政策",185900.0,,杭州2022决算.txt
东部,杭州,2022,财政预决算报告,human,教育,"前教育、义务教育、高中教育、民办教育等各类教育优质均衡发展, 改善办学条件,加强校园文化、师生德育、爱国卫生和思想政治建 设,落实生均经费和进城务工子女义务教育补助,落实荣誉教师码 “免费乘车”政策,推进智慧校园建设。落实博士后资助、院士专 家工作站等人才专项激励政策和人才引育保障机制,支持浙江杭 州国际人才交流与项目合作大会举办,支持各领域高层次、高技能 人才发展。推进“名校名院名所”建设工程,支持西湖大学、中法 航空大学、浙大国际科创中心、中国空间技术研究院杭州中心等建 设发展,助力杭州师范",267300.0,,杭州2022决算.txt
东部,杭州,2022,财政预决算报告,human,学校,"文化旅游体育与传媒支出22.71亿元。支持精神文明建设和 志愿实践服务,推进城市书房、“学习强国”杭州平台、第二课堂、 社区文化家园、文化礼堂等基本公共文化服务建设,支持图书馆及 博物馆运行发展。支持全国文明城市创建。保障亚运会筹备和体 育馆改造提升。支持文艺精品创作、重大主题文艺创作和活动、文 艺人才培养,推进优秀传统文化系列丛书编纂出版及传播。支持 市属国有文艺院团改革,激发创新创造活力。支持文旅消费惠民、 旅游产业融合发展和文旅赋能活动。支持中国国际动漫节、杭州 文化创意产业博览会、“宋韵",227100.0,,杭州2022决算.txt
东部,杭州,2022,财政预决算报告,human,教育,"化产业带。 社会保障与就业支出62.54亿元。持续推进城乡居民基本养 老保遇和基础养老金提标工作。落实企退和新增人群统筹外待 遇,补充基本养老保险基金和其他社保基金。稳步提升并落实最 低生活保障、特困人员基本生活、困境儿童生活补贴、义务兵优待 金、优抚对象抚恤和生活补助等标准,落实持证困难人员“西湖益 联保”个人缴费资金补助,支持入托残疾人生活保障和康复训练、 流浪乞讨人员医疗救治和生活管理。推进康养融合“一体化”建 设,支持新增普惠托位、康养联合体、认知障碍照护专区床位建设 等民生实事。支持退",625400.0,,杭州2022决算.txt
东部,杭州,2022,财政预决算报告,human,教育,"持医学重点学科建设、重大诊疗攻关课题研究和医疗设备购置更 新,推进市一医院、市七医院、西溪医院、儿童医院、老年病医院等 新院区建设。深化城市优质医疗资源下沉和医务人员下基层,支 持定向免费培养社区医生项目。支持中医药文化、技术传承创新, 推进名医堂、国医馆和生物样本资源共享与转化服务平台建设,与 上海交通大学医学院附属新华医院深化合作。支持妇幼保健、老 龄健康和计生服务工作。 农林水支出7.64亿元。支持粮食生产功能区建设改造、中低 产田改造提升、规模种粮补贴、土壤污染防治等“米袋子”工程。 支",76400.0,,杭州2022决算.txt
东部,杭州,2023,财政预决算报告,human,就业,首要任务，安排财政资金480亿元高效落实“8+4”政策体系， 助推经济发展实现质的有效提升和量的合理增长。放大政策同 向发力叠加效应。加强财政政策与金融、产业等政策协同，积 极谋划实施经济攻坚举措，支持打好“千项万亿”投资、工业 稳定发展、稳外贸拓市场、消费提振升级、园区有机更新、招 大引强、推进总部经济发展等硬仗。充分发挥减税降费在稳企 业、保就业、支持经营主体纾困发展上的重要作用。推进数字 经济创新提质“一号发展工程”。市财政投入42.9亿元，完 善“415X”先进制造业集群和五大产业生态圈,4800000.0,,杭州2023决算.txt
东部,杭州,2023,财政预决算报告,human,教育,挥激励引导撬动作用，激发“开放共赢”活力。加大力度稳投 资促增长。市财政投入139.8亿元，支持扩大有效投资“千项 万亿”工程，支持构建现代化大都市综合交通网络。全市争取 新增政府债券资金347.8亿元（其中市本级54.6亿元），有力 支持保障性安居工程、交通基础设施、市政产业园区基础设施 等一大批打基础、惠民生、补短板、利长远的项目。 （三）持续提升擦亮“幸福杭州”金名片。聚焦“幼有善 育、学有优教、劳有所得、病有良医、老有康养、住有宜居、 弱有众扶”七大领域，全市一般公共预算用于民生方面支出,1398000.0,,杭州2023决算.txt
东部,杭州,2023,财政预决算报告,human,教育,研院所，助力高等教育跨越式发展。市财政投入52.6亿元，支 持三甲医院建设和基层卫生服务站全面提档升级，推动全市域 基本公共卫生服务提升。构建“共富型大社保体系”。市财政 投入76.8亿元，支持企业减负稳岗，帮助重点群体就业创业， 稳步提高城乡居民基本养老保险基础养老金标准、社会救助保 障标准。聚焦“一老一小”精准施策，普惠型养老服务、社区 居家养老服务网络等成效明显获国务院督查激励，支持多方位 降低家庭育儿成本，入选全国首批婴幼儿照护服务示范城市。 推动城乡区域共富同行。市财政投入30.4亿元,526000.0,,杭州2023决算.txt
东部,杭州,2023,财政预决算报告,human,卫生,财政拨款安排的因公出国（境）经费、公务接待费、公务用车 购置及运行费支出决算合计1.1亿元，为年初预算的63.6%， 同比上年增长27.9%。其中：因公出国（境）经费0.15亿元， 比上年决算数7.27万元增长较多，主要是上年受疫情影响，因 公出国（境）经费支出较低。公务接待费0.11亿元，比上年决 算数0.04亿元增长较多，主要是上年受疫情影响，公务接待批 次和人次均较低。公务用车购置及运行费0.84亿元，增长2.4%， 其中：公务用车购置费0.32亿元，下降25.6%，主要是上年根 据疫情防,11000.0,,杭州2023决算.txt
东部,杭州,2023,财政预决算报告,human,就业,条政策举措，切实加快执行，助力提振市场信心，推动经济高 质量发展继续走在前列。多举措放大涉企政策资金效应。继续 阶段性降低部分社会保险费率，落实好研发费用税前加计扣 除、科技成果转化税收减免等结构性减税降费政策，支持稳企 业、保就业、促科技创新。以惠企政策兑现为切入口，建立统 计分析、监测晾晒、协同推进机制，紧盯关键环节强执行，助 推惠企助企政策快速见效。优化产业政策，提振消费信心，加 力助推总部经济、专精特新、“演赛展商旅”等企业发展。全 力争取“两重”要素资源。抢抓发行超长期特别国债支持国家,3881300.0,,杭州2023决算.txt
东部,杭州,2023,财政预决算报告,human,教育,"航空大学、浙大国际科创中心、中国空间技术研究院杭州中心等建设发 展,助力杭州师范大学“创一流”、浙大城市学院“创百强”建设。支持 迪拜国际学校发展。落实国家“双高”计划，稳步提升现代职业教育质 量,支持笕桥职业高级中学、杭州市电子信息职业学校双桥校区等建设。 保障特殊教育发展。支持杭州高级中学临平新城学校、杭州第二中学富 春学校、杭州第十四中学青山湖学校、杭州学军中学桐庐学校等建设。 科学技术支出39.53亿元。高质量推进城西科创大走廊创新策源地 建设。支持重大关键核心技术、“卡脖子”技术攻关和",395300.0,,杭州2023决算.txt
东部,杭州,2023,财政预决算报告,human,教育,等场馆运营。支持思想道德建设教育实践活动等精神文明建设。支持中 国国际动漫节、杭州文化创意产业博览会、全民阅读大会、宋韵文化系 列活动、西湖读书节等举办。助力文艺院团改革和杭州大剧院等发展， 增强文化软实力。支持文旅消费惠民和文旅赋能活动，推进文化旅游深 度融合发展。支持历史文化名城建设和南宋皇城保护，保障西泠印社、 孔庙、南宋遗址等历史建筑维护和考古发掘、文物保护修复。支持重大 体育赛事和群众体育活动，支持中小学校体育场地设施免费向社会开 放，实现校园健身服务数字化。 社会保障与就业支出68.,689400.0,,杭州2023决算.txt
东部,杭州,2023,财政预决算报告,human,教育,续推进市一医院、市七医院、西溪医院、老年病医院等建设。支持免费 新生儿筛查和产前筛查，落实国家免费孕前优生健康检查等经费补助， 以及家庭医生签约服务和城乡居民健康体检补助经费。支持卫生健康人 才培养、高层次卫技人才引育和管理服务，深化与上海交通大学医学院 附属新华医院合作。支持医疗卫生领域数字化改革，推进全市医院就医 平台建设与信息设备改造升级。推动优质医疗资源双下沉，补助住院医 师规范化培训和卫生系统基层卫技人员培训。推进中医药文化、技术传 承创新。建设生物样本资源共享与转化服务平台。支持妇幼,112900.0,,杭州2023决算.txt
东部,杭州,2024,财政预决算报告,human,就业,"强协同、完善机制,增强政策合力,切实加快执行。市财政统筹投 入超490亿元,促进8个领域各项稳增长政策效应加快显现,助力 提振市场信心,推动经济高质量发展继续走在前列。抢抓“两重” 建设机遇全力扩投资。聚焦科技创新、未来产业、城乡融合等领域 积极谋划储备项目,持续强化专项债券、超长期特别国债申报力 度,全力向上争取试点和政策资金支持。全市新增政府专项债券 资金511.1亿元、“两重”超长期特别国债资金88.9亿元,成功入 选全国首批城市更新行动支持城市、现代商贸流通体系建设试点 城市,全方位服务",4900000.0,,杭州2024决算.txt
东部,杭州,2024,财政预决算报告,human,医保,"购意向、招标、执行结果三张公开清单,优化政府采购资金支付预 警机制,加强财政部政府采购行政裁决示范点建设,持续优化政府 采购营商环境。持续拓展财政票据增值服务,推动长三角财政电 子票据一体化改革,医保跨省零星报销实现全程掌上办。 (二)聚焦创新引领,培育现代产业发展新动能。深入实施三 个“一号工程”,积极塑造以数字经济为核心、实体经济为支撑、科 技创新为引领的现代产业新动能新优势。持续优化政策与体制机 制。全面梳理整合市级产业政策,不断优化财政资源配置,提高产 业政策精准性。实施市属国企参与城镇",558000.0,,杭州2024决算.txt
东部,杭州,2024,财政预决算报告,human,学校,"能网联汽车“车路云一体化”应用标杆城市建设;加快工业企业 “智转数改”和未来工厂建设,“算力券”扩容至每年2.5亿元,支 持建设全球先进制造业基地、全国专精特新名城和中小企业数字 化转型样板城市。打造最优人才生态。市财政投入65.9亿元,全 力推进实施“西湖明珠工程”等重点人才培养项目,加大海外引才 力度,鼓励企业、高校、各类科研院所积极吸纳人才,优化人才服务 环境,全链条贯通人才“引育留用”,全面助力“三支队伍”建设;深 化青年发展型城市建设,实施“春雨计划”“青荷计划”,打好青年 人才提升生",25000.0,,杭州2024决算.txt
东部,杭州,2024,财政预决算报告,human,教育,"全面振兴,支持淳安特别生态功能区建设,扎实推进城乡融合,建 设全域美丽大花园。市财政投入15.4亿元,优化调整西部区县 (市)公共服务优质提升工程,杭二中富春学校、学军中学桐庐学 校、市一医院桐庐医院建成并投入使用,助力西部区县(市)教育、 医疗卫生、社会保障等领域基本公共服务水平明显提升。全市投 入21亿元,持续开展与新疆、西藏、四川等地对口支援和东西部协 作,促进区域协调发展。 (四)深化实践创新,财政管理改革再获新进展。立足新发展 阶段,注重改革的系统性、整体性和协调性,多方同步发力,力争",154000.0,,杭州2024决算.txt
东部,杭州,2024,财政预决算报告,human,医疗,"职工基本医疗保险统 筹基金 2,973,0922,973,0922,905,991",297.31,,杭州2024决算.txt
东部,杭州,2024,财政预决算报告,human,医疗,"职工基本医疗保险个 人账户基金基金 1,576,5241,706,5241,602,745 　转移支出 51,27051,27062,488 　其他支出 122,324122,324133,1014.城乡居民基本医疗保 险基金支出 828,388828,388794,58595.9100.3",157.65,,杭州2024决算.txt
东部,杭州,2024,财政预决算报告,human,医疗,"城乡居民基本医疗保 险基金医疗待遇支出 814,828814,828779,283 　城乡居民大病保险支出 13,56013,56014,032 　其他支出 01,270 — 93 —",81.48,,杭州2024决算.txt
东部,杭州,2024,财政预决算报告,human,医疗,"职工基本医疗保险统 筹基金 2,973,0922,973,0922,905,991",297.31,,杭州2024决算.txt
东部,杭州,2024,财政预决算报告,human,医疗,"职工基本医疗保险个 人账户基金基金 1,576,5241,706,5241,602,745 　转移支出 51,27051,27062,488 　其他支出 122,324122,324133,1014.城乡居民基本医疗保 险基金支出 828,388828,388794,58595.9100.3",157.65,,杭州2024决算.txt
东部,杭州,2024,财政预决算报告,human,医疗,"城乡居民基本医疗保 险基金医疗待遇支出 814,828814,828779,283 　城乡居民大病保险支出 13,56013,56014,032 　其他支出 1,270 — 221 —",81.48,,杭州2024决算.txt
东部,杭州,2024,财政预决算报告,human,教育,"优化财政支出结构,有效保障各项重点支出。 教育支出100.8亿元(含一般债券支出2.7亿元)。推进学前 教育、义务教育、高中教育、民办教育等各类教育优质均衡发展,改 善办学条件,加强校园文化、师生德育、爱国卫生、思想政治和智慧 校园等建设,落实生均经费和市属中小学、高校“奖、助、贷、免、 补”政策,落实“二十年班主任一次性奖励”和荣誉教师码“免费乘 车”政策,支持名师名校长班主任队伍建设。落实博士后资助、院 士专家工作站等人才专项激励政策和人才引育保障机制,支持各 领域高层次、高技能人才发展。推",1008000.0,,杭州2024决算.txt
东部,杭州,2024,财政预决算报告,human,学校,"强文化软实力。推进文旅深度融合发展,支持文旅赋能、特潜行业 促消费等活动。支持历史文化名城建设和南宋皇城保护,保障西 泠印社、孔庙、南宋遗址等历史建筑维护和考古发掘、文物保护修 复。支持重大体育赛事和群众体育活动,支持中小学校体育场地 设施免费向社会开放,实现校园健身服务数字化。 社会保障与就业支出66.5亿元。稳步提升城乡居民养老保 险缴费补贴标准,落实职工养老保险补助、企业退休人员统筹外待 遇。支持“一老一小”友好型社会高质量发展,落实老年人权益保 障政策补助、养老护理员特殊岗位津贴、高龄及",665000.0,,杭州2024决算.txt
东部,杭州,2024,财政预决算报告,human,教育,"本医疗服务和医疗体制改革,推动医学重点“学科+专科”融合协 同发展,助力医疗装备更新和病房改造提升,支持市属公立医院集 团化、一体化发展,持续推进市一医院、市七医院、西溪医院、老年 病医院等建设。支持免费新生儿筛查和产前筛查,落实国家免费 孕前优生健康检查等经费补助,以及支持家庭医生签约服务和城 市居民健康体检。支持市属医疗机构卫生高层次人才引育、西部 区县(市)卫生人才培养,补助住院医师规范化培训和优秀卫技人 才进修,深化与上海交通大学附属新华医院合作。支持全市医院 就医平台建设与信息设备改造",175000.0,,杭州2024决算.txt
东部,杭州,2021,财政预决算报告,human,学生,"(三)市域一体推动“城市发展”。高质量推进全市域融入长 三角一体化发展和大湾区大都市区建设,聚力打造全国“数字治 理第一城”,有效提升城乡功能品质。推进重大基础设施建设。 市财政投入154.53亿元,支持城市快速路、铁路、公路、地铁、水 运、航线等“5433”城市综合交通运输体系建设,加强钱塘江流域 上下游和跨界水体水环境治理,推进八堡排涝、闲林水库、梅城古 镇水系综合治理等重大水利工程建设。推进城市环境面貌改善。 — 8 券324.1亿元,比上年增加60.6亿元。合理优化债券结构,加快 使用进",1545300.0,,杭州市2021年预算.txt
东部,杭州,2021,财政预决算报告,human,医疗,"本保障,加快福利院、老年活动中心、特殊康复中心等社保资源均 衡布局。推进居家养老服务中心、养老机构床位建设、家庭适老化 改造等项目,助力“幸福养老”。支持卫生健康事业。市财政投入 37.7亿元,健全重大疫情响应机制,完善院前急救体系,提高基层 医疗服务能力,增强整体医疗服务救治能力。优化医疗资源布局, 加强疾控中心、卫生服务站和新医院建设。 (五)夯实基础强化“财政治理”。贯彻落实预算法及其实施 条例,不断推进财政治理体系治理能力现代化。连续9年荣获政 府采购“年度创新奖”,财政透明度在清华大学",377000.0,,杭州市2021年预算.txt
东部,杭州,2021,财政预决算报告,human,医疗,"(一)坚持慎终如始,筑牢疫情防控新防线。深刻认识疫情防 控的重要性、紧迫性和长期性,确保疫情防控各项经费落实到位。 保障疫情精密智控机制完善。重点支持“一图一码一指数”固化 提升,坚决保障“源头查控+硬核隔离+精密智控+暖心服务”各环 节防控经费,筑牢“人物并防”、监测预警、集中管控、医疗救治等 防线,推动实现冷链物防闭环管理。保障预防和应急处置能力提 升。推进基本公共卫生服务补短板、堵漏洞、强弱项,统筹医保基 金和财政资金,保障疫苗免费接种工作有序推进。加强新冠肺炎 和其他流行病防治,加大医疗",320000.0,,杭州市2021年预算.txt
东部,杭州,2021,财政预决算报告,human,健康,"障省实验室建设,加快国家自主创新示范区建设。推动文旅深度 融合高质量发展和消费数智化转型,以改善民生为导向扩大消费 潜力。强化财政金融政策协同创新。市财政安排50.4亿元,完善 金融服务实体经济的政策体系,加快推进钱塘江金融港湾建设,支 持数字人民币试点。推动千亿级产业基金组建,重点聚焦人工智 能、云计算、大数据、信息软件、集成电路、高端装备、生命健康等我 市“十四五”规划重点产业。充分激发人才要素活力。市财政安 排33.33亿元,实施更加积极开放有效的人才政策,支持科研创 新、知识更新、技能提",504000.0,,杭州市2021年预算.txt
东部,杭州,2021,财政预决算报告,human,教育,"优化城市管理,支持亚运场馆建设、市区道路修整、老旧小区改善、 无障碍设施建设,提升城市绿化美化亮化净化水平,加强赛事指挥 体系建设,加快推进亚运筹备工作。保障重大基础设施建设。市 财政安排173.14亿元,促进新一轮城市国土空间规划统筹编制, 加快推进“5433”现代综合交通大会战项目实施,重点支持拉大城 市框架的优质基本公共服务和轨道交通、运河二通道、杭州中环、 打通跨区域断头路等重大项目建设。建设更加牢固的生态安全屏 障。市财政安排14.5亿元,深入实施蓝天、碧水、净土、清废四大 行动,推进",1731400.0,,杭州市2021年预算.txt
东部,杭州,2021,财政预决算报告,human,创业,"政府办公厅(室)及相关机构事务6.06亿元,为预算的 93.5%,下降11.9%。下降较多,主要是机关房屋修缮经费减少, 以及机构改革后,市外侨办经费从本科目调整至“港澳台事务”科 目列支。 发展与改革事务1.33亿元,为预算的84%,下降35.7%。下 降较多,主要是上年有全国大众创业万众创新活动周项目一次性 支出因素。 统计信息事务5294万元,为预算的94.5%,下降1.7%。 财政事务1.4亿元,为预算的89.8%,下降5.4%。 税收事务1.5亿元,为预算的75%,下降12%。低于预算",60600.0,,杭州市2021年预算.txt
东部,杭州,2021,财政预决算报告,human,教育,"公安22.04亿元,为预算的93%,下降1.7%。 检察1.27亿元,为预算的106.7%,增长7.4%。 法院2.52亿元,为预算的96.9%,下降4.7%。 司法7634万元,为预算的76.7%,增长3.3%。 监狱4.49亿元,为预算的101.9%,增长1.6%。 强制隔离戒毒3803万元,为预算的96.8%,增长0.2%。 4.教育支出59.98亿元,为预算的88.4%,增长2.9%。其中: 教育管理事务5649万元,为预算的79%,增长1%。 普通教育34.3亿元,为预算的86%,增长",220400.0,,杭州市2021年预算.txt
东部,杭州,2021,财政预决算报告,human,医疗,"要是机构改革后,市园文局调整为市级单位,经费在本科目列支。 体育1.14亿元,为预算的85.9%,增长3.9%。 广播电视266万元。 其他文化旅游体育与传媒支出5.4亿元,为预算的105.5%, 下降23.5%。下降较多,主要是市委宣传部经费从本科目调整至 “一般公共服务(类)宣传事务(款)”科目列支。 7.社会保障和就业支出80.47亿元,为预算的102.3%,增长 1.8%。其中: 人力资源和社会保障管理事务2.83亿元,为预算的91.9%, 下降17.1%。下降较多,主要是机构改革后,市",11400.0,,杭州市2021年预算.txt
东部,杭州,2021,财政预决算报告,human,补贴,"公路水路运输7.41亿元,为预算的92.8%,下降20.4%。下 降较多,主要是省补资金减少。 成品油价格改革对交通运输的补贴1.45亿元,为预算的 54.2%,下降47.6%。下降较多,主要是省补资金减少。 车辆购置税支出3.86亿元,为预算的64.1%,下降37.4%。 下降较多,主要是省补资金减少。 其他交通运输支出1.38亿元,为预算的100%。 13.资源勘探工业信息等支出4.55亿元,为预算的259.2%, 增长209.6%。其中: 国有资产监管438万元,为预算的64.9%。 支持",74100.0,,杭州市2021年预算.txt
东部,杭州,2021,财政预决算报告,human,教育,"粮油储备1.8亿元,为预算的100%,增长87.7%。增长较多, 主要是粮食亏损补贴支出增加。 重要商品储备5405万元。主要是省补应急物资保障体系建 设资金增加。 20.灾害防治及应急管理支出6092万元,为预算的99.4%,增 长72%。其中: 应急管理事务1373万元,为预算的99.1%,下降10.9%。 消防事务4621万元,为预算的99.5%,增长130.9%。增长较 多,主要是消防装备购置经费调整至本科目列支。 地震事务98万元,为预算的100%。 21.其他支出1.24亿元,为预算",18000.0,,杭州市2021年预算.txt
东部,杭州,2021,财政预决算报告,human,教育,"进智慧校园工程。保障进城务工人员子女义务教育,开展乡村教 师、领军名师等培训,推进教育帮扶、城乡结对和黔东南合作办学。 支持青少年素质教育实践基地建设。深化“名校名院名所”建设 工程,支持西湖大学、国科大杭州高等研究院等建设,助力杭州师 范大学、浙大城市学院加快发展。深化产教融合推进现代职业教 育高质量发展,支持杭州职业技术学院实施国家“双高计划”,推 进杭州科技职业技术学院建设浙江省高水平职业院校。实施创业 人才培育,支持创客天下海外高层次人才创新创业大赛,落实创业 资助和实训项目建设补贴。保",283700.0,,杭州市2021年预算.txt
东部,杭州,2021,财政预决算报告,human,学校,"改革。推进农业与社会科学技术普及,支持农业科技创新与示范 宣传,建设社科重点研究基地,提升公众科学素养。 文化旅游体育与传媒支出11.97亿元。支持公共文化设施免 费向社会开放,推进“学习强国”杭州平台、青少年学生第二课堂、 社区文化家园、杭州书房、农村文化礼堂等建设,深化文化惠民工 程,助力群众性精神文明建设。实施文艺精品工程,支持重大主题 文艺创作和活动,推进优秀传统文化系列丛书编纂出版及传播,助 力文艺人才培养。支持旅游全域化推进、国际化推广、品质化保 障、智慧化发展,落实文旅帮扶纾困政策",119700.0,,杭州市2021年预算.txt
东部,杭州,2021,财政预决算报告,human,学生,"统筹外待遇,补充基本养老保险基金。支持“幸福养老”示范区和 镇街级示范型居家养老服务中心建设,关爱空巢、留守、重残、独居 等城乡特殊困难老人,推进养老床位建设和困难家庭适老化改造。 推进疫情防控、救援救灾、困难救助体系建设,保障残疾人生活、护 理、康复培训,支持红十字会事业,城乡一体织密织牢社会救助兜 底保障网。维护退役军人合法权益,支持退役军人保障由生活解 困向褒扬、抚恤、优待相结合转变。继续实施惠民殡葬,开展文明 治丧奖励试点。支持开展全国首趟复工人员专列“杭州定制”等 “六个一百”稳就业专",308500.0,,杭州市2021年预算.txt
东部,杭州,2021,财政预决算报告,human,教育,"年受疫情影响,城乡结对、教育帮扶及黔东南合作办学等项目执行 率偏低。 普通教育39.28亿元,增长14.5%。增长较多,主要是“三名 工程”项目支出增加。 职业教育18.13亿元,增长2.7%。 特殊教育8090万元,下降1%。 进修及培训1.25亿元,增长7.6%。 教育费附加安排的支出1.03万元,增长3.8%。 其他教育支出7.46亿元,增长66.3%。增长较多,主要是人 才发展专项资金增加。 5.科学技术支出32.72亿元,增长15.3%。其中: 科学技术管理事务2851万元,增长38%",392800.0,,杭州市2021年预算.txt
东部,杭州,2021,财政预决算报告,human,补贴,"农业农村2亿元,下降0.3%。 林业和草原4173万元,增长3.5%。 水利4.91亿元,下降17.2%。下降较多,主要是农村饮用水 提标项目改列转移支付支出。 普惠金融发展支出2500万元,增长56.3%。增长较多,主要 是预计创业担保贷款贴息补助资金增加。 其他农林水支出5.34亿元,下降42.5%。下降较多,主要是 部分农业发展和农村建设项目改列转移支付支出。 12.交通运输支出14.03亿元,下降0.5%。其中: 公路水路运输7.43亿元,增长0.3%。 成品油价格改革对交通运输的补贴1",20000.0,,杭州市2021年预算.txt
东部,杭州,2021,财政预决算报告,human,人才,"金,根据完成任务、项目数等因素进行分配。 其他需要说明的情况。待分配资金810万元。主要原因是建 筑工业化需根据各区、县(市)任务完成情况,统筹研究确定补助 分配资金。 (15)科技发展专项资金4.25亿元 政策依据。《中共杭州市委杭州市人民政府关于深化改革、 加强科技创新、加快创新活力之城建设的若干意见》(市委〔2016〕 16号)、《中共杭州市委杭州市人民政府关于实施“新制造业计 划”推进高质量发展的若干意见》(市委〔2019〕17号)、《市委办公 厅市府办公厅关于服务“六大行动”打造人才生",810.0,,杭州市2021年预算.txt
东部,杭州,2021,财政预决算报告,human,人才,"次及标准等予以补助。 其他需要说明的情况。待分配农村公益电影放映资金88万元,需要根据相关区县(市)农村公益电影实际放映场次等因素进 行分配。 (20)基本公共文化服务标准化、均等化建设补助455万元 政策依据。《关于加快构建现代公共文化服务体系的实施意 见》(市委办发〔2016〕3号)。 支持方向。开展基本公共文化服务经费,包括读书看报、收听 收看广播电视、观影看戏、群众文化活动、展览展示、文化走亲、文 化联动、数字文化服务、培训讲座、高校文化站、文化预报等;公共 文化设施建设,包括图书馆、文",88.0,,杭州市2021年预算.txt
东部,杭州,2021,财政预决算报告,physical,未明确方向,"元。市本级国有资本经营预算支出13.08亿元,加上调入一般公 共预算用于社会保障等民生支出5.05亿元、年末累计结余3.85亿元,支出合计21.98亿元。收支相抵,市本级国有资本经营预算 收支平衡。(详见附表二十九、三十) — 181 —",130800.0,,杭州市2021年预算.txt
东部,杭州,2022,财政预决算报告,human,人才,"制造业留抵退税、中小微企业和个体工商户纾困帮扶等政策,更好 发挥财税政策在稳增长和促进产业结构优化上的作用。激活全行 业发展动能。市财政投入70.53亿元,优化数字经济、未来工厂、 生物医药、制造业腾笼换鸟等政策,支持历史经典产业和新零售、 直播电商等新业态发展,推进集成电路、新能源、互联网交换中心 等重大项目。支持城西科创大走廊、高能级科技创新平台、双创孵 化、国家自主创新示范区等建设。助力外贸企业防风险、拓市场, 支持跨境电商和服务贸易发展,缓解海运难。加大人才引育力度。 市财政投入46.0",705300.0,,杭州市2022年预算.txt
东部,杭州,2022,财政预决算报告,human,社区,"共服务设施均衡布局。合理优化债券结构,拓展专项债使用领域, 全年争取新增政府债券572.46亿元,比上年增长76.6%,聚焦重 点领域拉动有效投资。高品质提升城乡环境。市财政投入35.18亿元,深入实施蓝天、碧水、净土、清废、降碳行动,提升生态环境监 测和治理修复能力,支持老旧小区改造、“美好家园”住宅示范、未 来社区和美丽乡村精品村建设等,助力国家住房租赁市场发展试 点,推进西湖和西溪湿地综合保护与环境提升。高标准强化城市 治理。市财政投入55.91亿元,以新型智慧城市建设为牵引,提升 城市管",5724600.0,,杭州市2022年预算.txt
东部,杭州,2022,财政预决算报告,human,文化,"布局,提升城市公共服务能级。打造整洁靓丽城市风貌。市财政 安排33.49亿元,增强固废、危废和污水处置能力,支持城市道路、 背街小巷、景观绿化等整治提升,全面提高城市“洁化、序化、绿 化、亮化、美化”水平,助力打造“美丽杭州”“无废亚运”。提升文 化体育“软实力”。市财政安排41.14亿元,加强文物保护和非遗 传承,支持“城市记忆”和文化基因解码工程,深入实施文化体育 为民惠民行动,推进宋韵文化工程和体育城市建设,支持赛事经济 集聚和“赛会+文旅”融合发展,建设世界一流历史文化名城。保 障城市安",334900.0,,杭州市2022年预算.txt
东部,杭州,2022,财政预决算报告,human,教育,"基本、兜底线、可持续”,尽力而为、量力而行,以人的全生命周期 需求得到更高水平满足为目标,探索“人地钱”挂钩机制,用好税 收、转移支付、社保等政策工具,多措并举“扩中”“提低”,加快构 建“一老一小”友好型社会,推动形成与共同富裕相适应的公共服 务共享格局。保障重点民生领域。市财政安排107.64亿元,加快 推动基础教育全域优质均衡发展,推进职业教育“提质培优”和市 属高校高水平建设。市财政安排66.78亿元,加大困难群众救助 力度,稳步提高社保待遇水平,建设高质量就业创业体系,织密织 牢全方位",1076400.0,,杭州市2022年预算.txt
东部,杭州,2022,财政预决算报告,physical,工业,"一纳入市纪委市监委部门预算。 商贸事务1.69亿元,为预算的85.3%,下降6.7%。 知识产权事务339万元,为预算的82.5%,下降92.8%。下降 较多,主要是2021年起专利专项调整为转移支付列支,以及创意 杭州工业设计大赛因疫情原因推迟举办。 港澳台事务1116万元,为预算的82%,下降59.5%。下降较 多,主要是市外办基本支出由本科目调整至“政府办公厅(室)及 相关机构事务(款)”科目列支。 档案事务3391万元,为预算的106.3%,增长31.8%。增长较 多,主要是杭州市城市档",16900.0,,杭州市2022年预算.txt
东部,杭州,2022,财政预决算报告,human,教育,"室经费由“政府办公厅(室)及相关机构事务(款)”调整至本科目 列支。 市场监督管理事务支出4.35亿元,为预算的101.3%,增 长8.7%。 其他一般公共服务支出7.49亿元,为预算的109.5%,增长 10.3%。增长较多,主要是新增第一社会福利院迁建、公共实训基 地建设等社会事业建设项目。 (2)国防支出1792万元,为预算的91.8%,下降16.6%。 (3)公共安全支出35.97亿元,为预算的102.2%,增长8.6%。 其中: 公安24.54亿元,为预算的104.4%,增长11.4%",43500.0,,杭州市2022年预算.txt
东部,杭州,2022,财政预决算报告,human,教育,"普通教育42.03亿元,为预算的86.4%,增长22.5%。增长较 多,主要是新增城市学院百强创建经费和市属高中建设经费。 职业教育20.76亿元,为预算的99.3%,增长17.6%。增长较 多,主要是江干区笕桥职业高级中学和市电子信息职业学校双桥 校区建设经费增加。 特殊教育1.35亿元,为预算的88.1%,增长65.2%。增长较 多,主要是新增杭州文汇学校草地掷球场改造提升经费。 进修及培训1.17亿元,为预算的93.1%,增长0.2%。 教育费附加安排的支出9949万元,为预算的97.1%",420300.0,,杭州市2022年预算.txt
东部,杭州,2022,财政预决算报告,human,医疗,"财政对基本养老保险基金的补助1.77亿元,为预算的 103.7%,增长56.3%。增长较多,主要是基础养老金标准提高,以 及社保风险准备金办法调整后增加对基本养老保险基金的补助。 退役军人管理事务4274万元,为预算的94.8%,增长4.9%。 其他社会保障和就业支出30.92亿元,为预算的121.6%,下 降39%。主要是根据相关要求,将市级城乡居民医疗保险补贴由 本科目调整至“卫生健康(类)财政对基本医疗保险基金的补助 (款)”科目列支。 (8)卫生健康支出38.67亿元,为预算的99.8%",17700.0,,杭州市2022年预算.txt
东部,杭州,2022,财政预决算报告,human,医疗,"医疗救助1亿元,为预算的74.2%,增长21.9%。增长较多, 主要是城乡医疗困难救助经费增加。 医疗保障管理事务支出1.24万元,为预算的140.1%,增长 58.7%。增长较多,主要是新增疫苗接种补助经费。 其他卫生健康支出9527万元,为预算的17%,下降85.4%。 下降较多,主要是上年疫情防控经费在本科目列支,2021年调整 至“公立医院(款)”等相关科目。 (9)节能环保支出7.24亿元,为预算的76%,下降26.8%。下 降较多,主要是省补经费减少。其中: 环境保护管理事务1.12",10000.0,,杭州市2022年预算.txt
东部,杭州,2022,财政预决算报告,human,社区,"粮油物资事务1.35亿元,为预算的70.6%,增长116%。增长 较多,主要是粮库建设资金增加。 粮油储备1.8亿元,为预算的100%,与上年持平。 重要商品储备1242万元,下降77%。下降较多,主要是省补 经费减少。 (20)灾害防治及应急管理支出2.48亿元,为预算的105.6%, 增长306.9%。其中: 应急管理事务5214万元,为预算的104.1%,增长279.8%。 增长较多,主要是市应急局下属单位经费由“一般公共服务支出 (类)其他一般公共服务支出(款)”调整至本科目列支。 消防",13500.0,,杭州市2022年预算.txt
东部,杭州,2022,财政预决算报告,human,学生,"运河文化带、中国动漫博物馆、杭钢工业遗址等建设。 社会保障与就业支出71.33亿元。落实城乡居民基本养老保 险待遇和基础养老金提标工作,继续对65岁及以上的参保城乡居 民加发基础养老金。统一全市最低生活保障标准及相关社会救助 标准,统一全市低边认定标准,稳步提升低保低边救助水平,落实 商业补充医疗保险财政对持证困难人群补助政策。落实企退和新 增人群社会保险基金统筹外待遇。支持星级“残疾人之家”和残 疾儿童康复机构、新增养老机构床位和困难老年人家庭适老化改 造等民生实事。完善拥军优抚政策,落实困难",713300.0,,杭州市2022年预算.txt
东部,杭州,2022,财政预决算报告,human,文化,"群众团体事务1.22亿元,增长12.1%。 党委办公厅(室)及相关机构事务2.15亿元,增长17.1%。 组织事务6547万元,增长19.9%。 宣传事务1.51亿元,增长37.7%。增长较多,主要是未成年 人思想道德建设测评、清洁杭州及全国文明典范城市创建等项目 从“文化旅游体育与传媒支出(类)其他文化旅游体育与传媒支出 (款)”科目调整至本科目列支。 统战事务6580万元,增长27.7%。增长较多,主要是增加侨 史博物馆展陈等项目。 其他共产党事务支出1.09亿元,增长39.1%。增长较多,",12200.0,,杭州市2022年预算.txt
东部,杭州,2022,财政预决算报告,human,医疗,"基金的补助(类)财政对职工基本医疗保险基金的补助(款)”科目 列支。 其他卫生健康支出14.62亿元,增长1435%。增长较多,主要 是疫情防控经费增加。 (9)节能环保支出3.13亿元,下降56.8%。其中: 环境保护管理事务9966万元,下降10.9%。 污染减排1.45亿元,下降50.8%。下降较多,主要是省补经 费预计减少。 其他节能环保支出6827万元,下降10.5%。 (10)城乡社区支出54.94亿元,增长33.1%。其中: 城乡社区管理事务6.94亿元,下降4%。 城乡社区规划与",146200.0,,杭州市2022年预算.txt
东部,杭州,2022,财政预决算报告,human,医疗,"39.03万人,其中待遇享受人数26.46万人。 (二)机关事业单位基本养老保险基金 机关事业单位基本养老保险费由单位和个人共同负担。截至 2021年底,杭州市参保人数为35.74万人,其中退休11.59万人; 市本级参保人数为7.64万人,其中退休2.78万人。 (三)职工基本医疗保险基金 职工基本医疗保险费由用人单位和职工共同缴纳。截至 2021年底,杭州市参保人数为760.52万人,其中退休131.32万 人;市本级参保人数为710.6万人,其中退休119.87万人。 (四)城乡居民基本医",39.03,,杭州市2022年预算.txt
东部,杭州,2022,财政预决算报告,human,卫生,车、卫生防疫消杀车、移动手术车等业务用车购置经费；公务 用车运行维护费预算0.65亿元，与上年基本持平。 备注： 因公出国（境）费，反映单位公务出国（境）的国际旅费、国外 城市间交通费、住宿费、伙食费、培训费、公杂费等支出。 公务接待费，反映单位按规定开支的各类公务接待（含外宾接待） 费用。 公务用车购置及运行费，反映单位公务用车的购置支出（含车辆 购置税）以及单位按规定保留的公务用车的燃料费、维修费、过路过 桥费、保险费、安全奖励费用等支出。公务用车，指用于履行公务的 机动车辆，包括一般公务用,6500.0,,杭州市2022年预算.txt
东部,杭州,2023,财政预决算报告,human,人才,"力稳住经济大盘。落实落细稳经济决策部署。坚持“全面顶格、 能出尽出、精准高效”,迅速出台稳岗、纾困、补强等配套政策和措 施,全市联动加快涉企资金兑付进度,推动政策和资金“稳、准、 快”直达市场主体和群众。全面落实组合式税费支持政策,全市 落实增值税留抵退税546.7亿元。强化资金保障,及时下达减税 降费相关专项资金170.05亿元和调度资金227.56亿元,确保税费 退减免缓及时足额到位。加快构建具有国际竞争力的现代产业体 系。市财政投入39.12亿元,优化完善数字经济和制造业产业政 策体系,支",5467000.0,,杭州市2023年预算.txt
东部,杭州,2023,财政预决算报告,human,医院,"能源汽车消费,积极助力产业链、供应链稳定,保金融、粮食、物流 和能源安全。 (二)以“优”为先,全域建设“美丽中国”样本。坚持一流标 准、系统推进、生态优先、绿色发展、安全运行,奋力推进新时代美 丽杭州建设的生动实践。做实城市建设“硬基础”。市财政投入 191.66亿元,助力扩投资优结构攻坚行动,持续推进“5433”综合 交通大会战,保障亚运城市侧投入,支持打通“断头路”,加快推进 西险大塘达标加固、城西南排、海塘安澜等重大水利项目,以及学 校、医院、文化体育场馆等建设。提升城乡风貌“软实力”。",1916600.0,,杭州市2023年预算.txt
东部,杭州,2023,财政预决算报告,human,教育,"发挥政府债券支撑“拉动力”。聚焦国家所需、杭州所能、百姓所 盼,谋深抓实项目储备,全市争取新增政府债券资金376.76亿元, 重点支持轨道交通、杭州西站、机场高铁等具有强大牵引力、带动 力的大项目,完善管理机制,加快推动项目实施,确保债券项目储 备、发行规模、支出进度等核心指标全省领先。 (三)以“人”为本,全心书写“共富示范”答卷。努力在促进 共同富裕中发挥财政支撑、保障、引导作用,不断增强百姓获得感、 幸福感、安全感和认同感。全市一般公共预算用于民生方面支出 1965.94亿元,民生投入占比",3767600.0,,杭州市2023年预算.txt
东部,杭州,2023,财政预决算报告,human,医疗,"善、运行高效的医疗卫生服务体系。市财政投入18.59亿元,完善 以公租房、保障性租赁住房和共有产权住房为主体的住房保障体 系。多措并举“扩中”“提低”。市财政投入62.54亿元,加强困难 群众兜底保障,稳步提高社保待遇水平,聚焦重点人群建设高质量 多层次就业创业体系,统一城乡居民养老保险基础养老金标准,构 建共富型大社保体系。落实阶段性降低失业保险、工伤保险费率、 失业保险稳岗返还、困难行业企业社保费缓缴、留工培训和扩岗补 助等政策,全市向企业返还、发放、减征、缓缴社保相关资金120.21亿元,",185900.0,,杭州市2023年预算.txt
东部,杭州,2023,财政预决算报告,human,教育,"市场。深化乡村振兴,开拓乡村市场,支持现代农业高质量发展。 打好“稳就业”组合拳。市财政安排32.74亿元,深入实施就业优 先政策,促进高校毕业生、农民工等重点群体多渠道就业,加强职 业技能培训,深化就业援助和托底帮扶,持续推动高质量就业。继 续对不裁员、少裁员的企业实施普惠性失业保险稳岗返还政策,深 化阶段性降低失业保险费率和企业用工补贴等政策。加大力度稳 投资促增长。市财政安排199.14亿元,根据空间规划、人口流动 和产业发展新形势,全面构建现代化大都市综合交通网络,加快建 设医疗、教育、",327400.0,,杭州市2023年预算.txt
东部,杭州,2023,财政预决算报告,human,教育,"纪检监察事务2.13亿元,为预算的96.7%,增长10.4%。增 长较多,主要是杭州市廉政教育中心运溪点投入使用,相关费用 增加。 商贸事务1.47亿元,为预算的90.4%,下降12.6%。下降较 多,主要是市经委离退休中心合并至市老干部活动中心编制预算, 相关经费由本科目调整至“其他共产党事务(款)”科目列支。 知识产权事务303万元,为预算的70.3%,下降10.6%。 民族事务46万元,为预算的92%。为省补经费。 港澳台事务1120万元,为预算的83.1%,增长0.4%。 档案事务618",21300.0,,杭州市2023年预算.txt
东部,杭州,2023,财政预决算报告,human,教育,"多,主要是增加侨史博物馆展陈等项目。 其他共产党事务支出1.03亿元,为预算的94.6%,增长 31.5%。增长较多,主要是市经委离退休中心合并至市老干部活 动中心编制预算,相关经费由“商贸事务(款)”调整至本科目 列支。 市场监督管理事务支出4.2亿元,为预算的98.3%,下 降3.4%。 其他一般公共服务支出6.05亿元,为预算的77.5%,下降 19.3%。下降较多,主要是部分社会事业项目按进度拨付资金。 (2)国防支出1732万元,为预算的83.3%,下降3.3%。 (3)公共安全支出3",10300.0,,杭州市2023年预算.txt
东部,杭州,2023,财政预决算报告,human,卫生,"其他社会保障和就业支出24.77亿元,为预算的82.5%,下降 19.9%。支出下降,主要是有按规定暂停补充社保风险准备金、单 位上缴历年一般公共预算资金结余冲减当年支出等一次性因素, 剔除上述因素,同口径增长9.5%。 (8)卫生健康支出53.4亿元,为预算的110%,增长38.1%。 其中: 卫生健康管理事务1.14亿元,为预算的55.8%,下降4.6%。 公立医院21.51亿元,为预算的184.4%,增长 䪬 鄀 쀐 怩氋 산 退 ᠢ  w  w   p  Q @ t  ð  ",247700.0,,杭州市2023年预算.txt
东部,杭州,2023,财政预决算报告,human,卫生,"环境保护管理事务1.07亿元,为预算的107.7%,下降4%。 能源节约利用3103万元,增长4.1%。 污染减排1.44亿元,为预算的99.6%,下降51%。下降较多, 主要是省补经费减少。 其他节能环保支出9036万元,为预算的132.4%,增长 18.5%。增长较多,主要是生态监测业务用房建设经费增加。 (10)城乡社区支出23.23亿元,为预算的80.5%,下降 43.7%。其中: 城乡社区管理事务6.41亿元,为预算的92.3%,下降11.4%。 城乡社区规划与管理4419万元,为预算",10700.0,,杭州市2023年预算.txt
东部,杭州,2023,财政预决算报告,human,补贴,"农业农村1.92亿元,为预算的97.5%,增长1.3%。 林业和草原5136万元,为预算的107.7%,增长36.2%。增长 较多,主要是新增消防应急和水旱灾害防御等项目经费。 水利3.93亿元,为预算的119.7%,下降23.6%。下降较多, 主要是部分水利项目调整为转移支付列支。 普惠金融发展支出3933万元,为预算的71.2%,增长39.7%。 增长较多,主要是创业担保贷款增加,补助资金相应增加。 其他农林水支出8861万元,为预算的22.2%,下降82.9%。 下降较多,主要是相关农业发",19200.0,,杭州市2023年预算.txt
东部,杭州,2023,财政预决算报告,human,补贴,"保障性安居工程支出7.05亿元,为预算的192.3%,增长 1110%。增长较多,主要是省补经费增加。 城乡社区住宅4323万元,为预算的94.3%,下降83.4%。下 降较多,主要是上年有经济适用住房项目补贴一次性因素。 (19)粮油物资储备支出2.79亿元,为预算的99.2%,下降 14.9%。其中: 粮油物资事务4948万元,为预算的54.7%,下降63.5%。下 降较多,主要是粮库建设工程根据进度安排资金。 粮油储备1.8亿元,为预算的100%,与上年持平。 重要商品储备4950万元,为",70500.0,,杭州市2023年预算.txt
东部,杭州,2023,财政预决算报告,human,健康,"文化旅游体育与传媒支出22.71亿元。支持精神文明建设和 志愿实践服务,推进城市书房、“学习强国”杭州平台、第二课堂、 社区文化家园、文化礼堂等基本公共文化服务建设,支持图书馆及 博物馆运行发展。支持全国文明城市创建。保障亚运会筹备和体 育馆改造提升。支持文艺精品创作、重大主题文艺创作和活动、文 艺人才培养,推进优秀传统文化系列丛书编纂出版及传播。支持 市属国有文艺院团改革,激发创新创造活力。支持文旅消费惠民、 旅游产业融合发展和文旅赋能活动。支持中国国际动漫节、杭州 —44 能、数字经济、生命",227100.0,,杭州市2023年预算.txt
东部,杭州,2023,财政预决算报告,human,教育,"文化创意产业博览会、“宋韵文化”活动、西湖读书节、中国短视频 大会等举办。支持西湖西溪一体化保护、历史文化名城建设和南 宋皇城保护,保障考古发掘、文物保护修复,推进西泠印社、孔庙、 苏东坡纪念馆等历史建筑保护。支持中小学校体育场地、公共体 育场馆设施免费或低收费向社会开放,扶持竞技体育发展。支持 杭州大剧院、杭州爱乐乐团、中国动漫博物馆等发展,建设之江文 化产业带。 社会保障与就业支出62.54亿元。持续推进城乡居民基本养 老保险待遇和基础养老金提标工作。落实企退和新增人群统筹外 待遇,补充基本",625400.0,,杭州市2023年预算.txt
东部,杭州,2023,财政预决算报告,human,教育,"检测、医疗救治、疫苗接种、物资采购等工作经费,支持城东、城西 核酸检测基地和白马湖方舱医院等建设。支持基本医疗公共卫生 服务和医疗体制改革,补贴基本医疗保险基金,推进各项医疗保险 基金平稳运行。扩大生育保险覆盖面,将灵活就业人员新增纳入 生育保险参保范围,扩大职工医保(含生育保险)支付范围,支持 免费新生儿筛查和产前筛查,有效落实“三孩”生育保险待遇。支 持医学重点学科建设、重大诊疗攻关课题研究和医疗设备购置更 新,推进市一医院、市七医院、西溪医院、儿童医院、老年病医院等 新院区建设。深化城市优",76400.0,,杭州市2023年预算.txt
东部,杭州,2023,财政预决算报告,physical,未明确方向,助69.2亿元、对事业单位资本性补助2602万元、对个人和家庭补 助6.49亿元。(详见附表六),692000.0,,杭州市2023年预算.txt
东部,杭州,2023,财政预决算报告,human,教育,"发展与改革事务1.42亿元,增长21.2%。增长较多,主要是 省补经费预计增加。 统计信息事务8523万元,增长63%。增长较多,主要是增加 第四届联合国世界数据论坛专项经费。 财政事务1.61亿元,增长6.2%。 税收事务2亿元,增长2.2%。 审计事务5307万元,增长12.6%。增长较多,主要是省补经 费预计增加。 纪检监察事务2.48亿元,增长16.5%。增长较多,主要是增 加杭州市廉政教育中心扩改及开办经费。 商贸事务1.65亿元,增长12%。增长较多,主要是上年受疫 情影响,部分外贸",14200.0,,杭州市2023年预算.txt
东部,杭州,2023,财政预决算报告,human,医疗,"理事项(款)”,年度执行中再按相关规定分配至本科目;二是上年 疫情防控经费较多。 中医药19万元,下降73%。下降较多,主要是省补经费预计 减少。 计划生育事务3239万元,增长7.6%。 行政事业单位医疗6.81亿元,增长4.3%。 财政对基本医疗保险基金的补助10.55亿元,下降18.9%。 下降较多,主要是根据基金支付能力安排财政补助资金,预计较上 年减少。 医疗救助9849万元,增长4.5%。 医疗保障管理事务1.46亿元,增长4.7%。 其他卫生健康支出7.05亿元,增长37.4%。增",19.0,,杭州市2023年预算.txt
东部,杭州,2023,财政预决算报告,physical,住房,"涉外发展服务支出979万元,下降80.1%。下降较多,主要是 上年有全球数字贸易博览会经费不可比因素。 其他商业服务业等支出2112万元,下降93.1%。下降较多, 主要是上年有补充市属国有企业资本金不可比因素。 (15)金融支出5414万元,增长100.8%。其中: 金融部门行政支出2799万元,主要是市金融监管局部门预算 由“一般公共服务(类)政府办公厅(室)及相关机构事务(款)”调 整至本科目列支。 其他金融支出2615万元,下降3%。 (16)援助其他地区支出1.98亿元,增长25%。其",979.0,,杭州市2023年预算.txt
东部,杭州,2023,财政预决算报告,physical,未明确方向,"对区县(市)转移支付支出、专项债务还本支出、专项债券转贷支 出、上解上级支出、调出资金、累计结转下年等转移性支出922.66亿元,支出合计1627.86亿元。收支相抵,市本级政府性基金预算 收支平衡。(详见附表三十、三十一) 三、西湖风景名胜区政府性基金情况 名胜区2022年政府性基金执行情况和2023年政府性基金预 算(草案)详见附表二十七-1、二十七-2、三十三-1、三十三-2。 四、地方政府专项债务预算情况 2022年地方政府专项债务限额和余额的分地区情况、债券发 行数、还本付息数以及20",9226600.0,,杭州市2023年预算.txt
东部,杭州,2023,财政预决算报告,human,医疗,"38.55万人,其中待遇享受人数26.35万人。 (二)机关事业单位基本养老保险基金 机关事业单位基本养老保险费由单位和个人共同负担。截至 2022年底,杭州市参保人数为35.82万人,其中退休11.78万人; 市本级参保人数为7.73万人,其中退休2.82万人。 (三)职工基本医疗保险基金 职工基本医疗保险费由用人单位和职工共同缴纳。截至 2022年底,杭州市参保人数为783.05万人,其中退休137.48万 人;市本级参保人数为731.64万人,其中退休125.45万人。 (四)城乡居民基本",38.55,,杭州市2023年预算.txt
东部,杭州,2024,财政预决算报告,human,就业,"任务,安排财政资金480亿元高效落实“8+4”政策体系,助推经济 发展实现质的有效提升和量的合理增长。放大政策同向发力叠加 效应。加强财政政策与金融、产业等政策协同,积极谋划实施经济 攻坚举措,支持打好“千项万亿”投资、工业稳定发展、稳外贸拓市 场、消费提振升级、园区有机更新、招大引强、总部经济发展等硬 仗。充分发挥减税降费在稳企业、保就业、支持经营主体纾困发展 上的重要作用。推进数字经济创新提质“一号发展工程”。市财 政投入42.9亿元,完善“415X”先进制造业集群和五大产业生态 圈政策体系",4800000.0,,杭州市2024年预算.txt
东部,杭州,2024,财政预决算报告,human,教育,"活力。加大力度稳投资促增长。市财政投入139.8亿元,支持扩 大有效投资“千项万亿”工程,支持构建现代化大都市综合交通网 络。全市新增地方政府债券347.8亿元(其中市本级54.6亿元), 有力支持保障性安居工程、交通基础设施、市政产业园区基础设施 等一大批打基础、惠民生、补短板、利长远的项目。 (三)持续提升擦亮“幸福杭州”金名片。聚焦“幼有善育、学 有优教、劳有所得、病有良医、老有康养、住有宜居、弱有众扶”七 大领域,全市一般公共预算用于民生方面支出2065.3亿元,民生 投入占比继续保持7",1398000.0,,杭州市2024年预算.txt
东部,杭州,2024,财政预决算报告,human,学生,"(四)深化改革坚持“五财并举”提质效。围绕“科学生财、创 新聚财、精明理财、高效用财、勤廉管财”持续推动改革,杭州市财 政综合管理绩效连续三年荣获省政府督查激励。整合资源强统 筹。加强财政性资源统筹管理,积极盘活存量资金和行政事业性 国有资产,全域推进公物仓建设,支持国有企业做大做强做优,更 好发挥国有企业助力经济高质量发展作用,建立财政金融要素保 障联动机制,动态优化集中财力办大事财政政策体系,保障重大政 策、改革、项目有效实施。创新机制促规范。研究探索行政事业单 位“过紧日子”真招实策,坚决",768000.0,,杭州市2024年预算.txt
东部,杭州,2024,财政预决算报告,physical,交通,"业园区基础设施58.6亿元、社会事业46.5亿元、农林水利17.5亿元、城乡冷链等物流基础设施0.5亿元。 偿还。2023年,全市共安排债务还本支出447亿元,其中:一 般债务还本支出204.4亿元、专项债务还本支出242.6亿元。全 市共安排债务付息支出125.1亿元,其中:一般债务付息支出44.9亿元、专项债务付息支出80.2亿元。 2.市本级地方政府债务情况 举借规模。2023年市本级地方政府债务限额1003.2亿元,其 中:一般债务限额167亿元、专项债务限额836.2亿元。2023年市",586000.0,,杭州市2024年预算.txt
东部,杭州,2024,财政预决算报告,human,学校,"省、市海外引才计划,推动“春雨计划”实施,优化人才服务环境, 继续为符合条件的新引进应届毕业生发放生活补贴、租房补贴,扩 大青荷礼包发放覆盖面,支持人才生态最优城市和青年发展型城 市建设。支持拓市场稳消费畅循环。市财政安排16.5亿元,实施 “双百双千”拓市场行动,支持跨境电商、服务贸易、总部经济发 展;深入实施消费激活提振行动,支持招引各类首店,助力国际新 型消费中心建设;打造现代金融高地,推进现代物流发展,支持新 开国际航线。 2.坚持乘势而上,赋予城市范例新内涵。全面践行人民城市 理念,全",165000.0,,杭州市2024年预算.txt
东部,杭州,2024,财政预决算报告,human,医疗,"养老服务功能和养老机构服务水平,加快公共设施适老化改造,加 力推进婴幼儿照护和普惠托育服务,打造具有杭州辨识度的“家 门口养老托育”数字化场景,推动高水平建设“老年友好型城市” 和“儿童友好型城市”。建设健康中国示范区。市财政投入48.5亿元,支持乡村基层医疗卫生服务体系建设,优化市属公立医疗卫 生机构政府投入机制,加强疾病预防控制,推进优质医疗卫生资源 有序扩容和均衡布局,促进中医药传承创新发展,助推临床和科研 能力提升,加快推进卫生健康现代化。支持稳就业优社保。市财 政安排54.7亿元,坚持",485000.0,,杭州市2024年预算.txt
东部,杭州,2024,财政预决算报告,human,教育,"监狱5亿元,为预算的102.6%,增长1.5%。 强制隔离戒毒4446万元,为预算的100.2%,下降42.8%。下 降较多,主要是上年有杭州市富春强制隔离戒毒所及杭州市法制 教育学校迁建工程一次性因素。 (4)教育支出94.7亿元,为预算的101.6%,增长27.5%。 其中: 教育管理事务6442万元,为预算的92.6%,增长4.8%。 普通教育62.6亿元,为预算的107.3%,增长44.8%。增长较 多,主要是市属高中建设和生均经费支出增加。 职业教育21.3亿元,为预算的104.5%,",50000.0,,杭州市2024年预算.txt
东部,杭州,2024,财政预决算报告,human,卫生,"行政事业单位养老支出26.6亿元,为预算的99.3%,增 长11.5%。 就业补助6.6亿元,为预算的89.9%,增长596.3%。增长较 多,主要是就业补助类项目从“其他社会保障和就业支出(款)”调 整至本科目列支。 抚恤623万元,为预算的115.4%,增长27.7%。 退役安置5.3亿元,为预算的101.1%,增长10.0%。 社会福利9701万元,为预算的107.7%,增长15.9%。 残疾人事业7552万元,为预算的97.1%,下降1.2%。 红十字事业1207万元,为预算的95.5%",266000.0,,杭州市2024年预算.txt
东部,杭州,2024,财政预决算报告,human,医疗,"下降较多,主要是上年疫情防控经费较多。 公立医院16.8亿元,为预算的109.2%,下降21.9%。下降较 多,主要是上年疫情防控经费较多。 公共卫生2.9亿元,为预算的116%,下降15.9%。下降较多, 主要是上年疫情防控经费较多。 中医药104万元,为预算的558.9%,增长50.7%。增长较多, 主要是省补经费增加。 计划生育事务3097万元,为预算的95.6%,增长2.9%。 行政事业单位医疗6亿元,为预算的88.6%,下降7.6%。 财政对基本医疗保险基金的补助11.2亿元,为预算的",168000.0,,杭州市2024年预算.txt
东部,杭州,2024,财政预决算报告,human,卫生,"能源节约利用57万元,为预算的6.9%,下降98.2%。下降较 多,主要是省补经费减少。 污染减排1.2亿元,为预算的83.3%,下降13.6%。 其他节能环保支出9841万元,为预算的96.8%,增长8.9%。 (10)城乡社区支出27.2亿元,为预算的62%,增长17.2%。 其中: 城乡社区管理事务6.9亿元,为预算的94.8%,增长8.2%。 城乡社区规划与管理999万元,为预算的101.4%,下降 77.4%。下降较多,主要是上年有规划展览馆提升改造项目一次 性因素。 城乡社区公共设施",57.0,,杭州市2024年预算.txt
东部,杭州,2024,财政预决算报告,human,创业,"水利7.2亿元,为预算的111.7%,增长83.3%。增长较多,主 要是杭嘉湖南排和海塘安澜工程省补资金增加。 普惠金融发展支出5191万元,为预算的99.8%,增长32.0%。 增长较多,主要是创业担保贷款贴息增加。 其他农林水支出1亿元,为预算的101.8%,增长14.9%。 (12)交通运输支出10.5亿元,为预算的83.9%,下降81.7%。 其中: 公路水路运输6.8亿元,为预算的99.6%,下降36%。下降较 多,主要是省补经费减少。 民用航空运输7694万元,为预算的35.2%,下",72000.0,,杭州市2024年预算.txt
东部,杭州,2024,财政预决算报告,human,教育,"优化财政支出结构,有效保障各项重点支出。 教育支出94.7亿元。推进学前教育、义务教育、高中教育、民 办教育等各类教育优质均衡发展,改善办学条件,加强校园文化、 师生德育、爱国卫生和思想政治建设,落实生均经费,市属中小学、 高校“奖、助、贷、免、补”政策和进城务工子女义务教育补助,落实 荣誉教师码“免费乘车”政策,推进智慧校园建设。落实博士后资 助、院士专家工作站等人才专项激励政策和人才引育保障机制,支 持浙江杭州国际人才交流与项目合作大会举办,支持各领域高层 次、高技能人才发展。推进“名校名院",947000.0,,杭州市2024年预算.txt
东部,杭州,2024,财政预决算报告,human,医疗,"构以及科技特派员补助,推进顶尖人才和创新团队引进培育。持 续推进新制造业高质量发展,重点支持智能物联、生物医药、高端 装备、新材料、绿色能源等五大产业生态圈建设,聚焦中小企业专 精特新发展、未来工厂创建。支持实施“鲲鹏计划”,落实技术改 造、数字化攻关等政策,支持太阳能光伏发电、新型互联网交换中 心发展。支持数据资源平台、数据安全、政务云等数字基础设施建 设,全面深化智慧交通、数智宜居、“一老一小”、数智营商、智慧教 育、智慧医疗等应用和场景建设。推动农业科技创新与示范推广, 支持公益民生领域科",262000.0,,杭州市2024年预算.txt
东部,杭州,2024,财政预决算报告,human,教育,"育赛事和群众体育活动,支持中小学校体育场地设施免费向社会 开放,实现校园健身服务数字化。 社会保障与就业支出69亿元。稳步提升城乡居民养老保险 补贴、职工养老保险补助水平,落实企退和新增人群统筹外待遇。 支持“一老一小”友好型社会高质量发展,落实老年人权益保障政 策补助,推进智慧养老、养老护理外包、养老人才培养和养老机构 规范管理,落实婴幼儿托育补助政策。稳步提高最低生活保障、特 困人员基本生活、困境儿童生活补贴、义务兵优待金、优抚对象抚 恤和生活补助等标准,继续实施六项基本殡葬服务免费补助,支",690000.0,,杭州市2024年预算.txt
东部,杭州,2024,财政预决算报告,human,教育,"孕前优生健康检查等经费补助,以及家庭医生签约服务和城乡居 民健康体检补助经费。支持卫生健康人才培养、高层次卫技人才 引育和管理服务,深化与上海交通大学医学院附属新华医院合作。 支持医疗卫生领域数字化改革,推进全市医院就医平台建设与信 息设备改造升级。推动优质医疗资源双下沉,补助住院医师规范 化培训和卫生系统基层卫技人员培训。推进中医药文化、技术传 承创新。建设生物样本资源共享与转化服务平台。支持妇幼保 健、老龄健康、计生家庭帮扶和爱国卫生工作。 农林水支出11.3亿元。支持粮食生产功能区规模种粮",113000.0,,杭州市2024年预算.txt
东部,杭州,2024,财政预决算报告,human,教育,"宣传事务1.2亿元,增长25.5%。增长较多,主要是宣传文化 和公民思想道德建设等支出增加。 统战事务6292万元,增长7.1%。 其他共产党事务支出1.1亿元,增长0.6%。 网信事务3100万元,下降8.9%。 市场监督管理事务4.4亿元,下降10.2%。下降较多,主要是 上年有食品安全和特种设备安全监管等一次性增支因素。 信访事务4891万元,增长9.8%。 其他一般公共服务支出5.3亿元,增长5.2%。 (2)国防支出1928万元,下降26.6%。 (3)公共安全支出41.8亿元,增长5",12000.0,,杭州市2024年预算.txt
东部,杭州,2024,财政预决算报告,human,教育,"职业教育21.8亿元,增长2.5%。 特殊教育1.1亿元,下降17.9%。下降较多,主要是上年有场 馆建设提升支出一次性因素。 进修及培训1.2亿元,增长7.9%。 教育费附加安排的支出3178万元,下降63.9%。下降较多, 主要是预计省补经费下降。 其他教育支出11.9亿元,增长75.7%。增长较多,主要是人 才建设、名师名校长名班主任队伍建设等支出增加。 (5)科学技术支出46亿元,增长16.3%。其中: 科学技术管理事务2400万元,增长1.5%。 基础研究12亿元,下降4.9%。 应用",218000.0,,杭州市2024年预算.txt
东部,杭州,2024,财政预决算报告,human,养老,"文物1.9亿元,增长3.3%。 体育2.3亿元,下降84.8%。剔除重大体育赛事等一次性因 素,同口径增长5.5%。 广播电视790万元,下降27.9%。 其他文化旅游体育与传媒支出4.9亿元,增长4.2%。 (7)社会保障和就业支出74.2亿元,增长7.6%。其中: 人力资源和社会保障管理事务3.5亿元,增长8.1%。 民政管理事务6320万元,增长4.8%。 行政事业单位养老支出26亿元,下降2.3%。 就业补助7.1亿元,增长7.6%。 抚恤570万元,下降8.5%。 退役安置5.4亿元,",19000.0,,杭州市2024年预算.txt
东部,杭州,2024,财政预决算报告,human,医疗,"城连结对共建支出增加。 其他社会保障和就业支出25.9亿元,增长20%。增长较多, 主要是按规定安排资金补充社保风险准备金。 (8)卫生健康支出43.5亿元,下降11.2%。剔除疫情防控不 可比因素后,同口径增长6.7%。其中: 卫生健康管理事务2.8亿元,增长187.6%。增长较多,主要 是基本医疗公共卫生服务补助、公立医院集团化建设、优质医疗资 源下沉、医学重点学科建设等支出增加。 公立医院11.6亿元,下降31%。下降较多,主要疫情防控相 关支出预计减少。 公共卫生2.7亿元,下降5.1%",259000.0,,杭州市2024年预算.txt
东部,杭州,2024,财政预决算报告,human,创业,"农业农村2.3亿元,增长10.8%。增长较多,主要是省补经费 增加。 林业和草原5026万元,下降1.5%。 水利14.6亿元,增长102.5%。增长较多,主要是中央补助水 利经费增加。 普惠金融发展支出4425万元,下降14.8%。下降较多,主要 是实施新一轮创业担保贷款政策,支出预计减少。 其他农林水支出1.2亿元,增长17.9%。增长较多,主要是乡 村产业发展支出增加。 (12)交通运输支出18亿元,增长70.8%。其中: 公路水路运输13.2亿元,增长92.7%。增长较多,主要是中 央车",23000.0,,杭州市2024年预算.txt
东部,杭州,2024,财政预决算报告,physical,未明确方向,"2亿元,加上对区税收返还支出、对区县(市)转移支付支出、市区 上解省支出、一般债务还本支出、一般债券转贷支出、援助其他地 区支出、累计结转下年等转移性支出1441.4亿元,支出合计 1926.4亿元。收支相抵,市本级一般公共预算收支平衡。(详见 附表十五) 4.一般公共预算基本支出预算情况 2024年市本级一般公共预算基本支出161.5亿元,按照政府 预算经济分类:机关工资福利支出65.8亿元、机关商品和服务支 出13.3亿元、机关资本性支出3834万元、对事业单位经常性补助 75.5亿元、对事",20000.0,,杭州市2024年预算.txt
东部,杭州,2024,财政预决算报告,human,教育,"金额达280亿元。 分配办法。根据相关政策依据和资金规模,按照知识产权高 质量创造、高效益运用、高标准保护、高效能管理和高水平服务等 因素对专项资金进行因素分配。 (8)政法建设项目5003万元(略) (9)省补资金(一般公共服务支出)1.4亿元 政策依据。《浙江省财政厅关于提前下达2024年市场监管和 知识产权专项资金的通知》(浙财行〔2023〕64号)、《浙江省财政 厅关于提前下达2024年药品安全监管专项资金的通知》(浙财行 〔2023〕59号)等。 支持方向和绩效目标。市场监管和知识产权",2800000.0,,杭州市2024年预算.txt
东部,杭州,2024,财政预决算报告,human,医疗,"项目名称 合计 上城区拱墅区西湖区滨江区萧山区余杭区临平区富阳区临安区钱塘区名胜区桐庐县建德市淳安县待分配 资金 四、科学技术支出 324,95322,39712,55138,78344,48740,15039,89125,83021,05616,11349,738505,8225,3801,80590015.工业和信息化专项 160,9402,5453,3654,68811,71526,81520,69018,61516,73012,43031,2805,0924,7001,37590016.",32.5,,杭州市2024年预算.txt
东部,杭州,2024,财政预决算报告,human,医疗,"其中待遇享受人数26.3万人。 (二)机关事业单位基本养老保险基金 机关事业单位基本养老保险费由单位和个人共同负担。截至 2023年底,杭州市参保人数为36.5万人,其中退休12万人;市本 级参保人数为7.9万人,其中退休2.9万人。 (三)职工基本医疗保险基金 职工基本医疗保险费由用人单位和职工共同缴纳。截至 2023年底,杭州市参保人数为793.2万人,其中退休142万人;市 本级参保人数为741.2万人,其中退休129.6万人。 (四)城乡居民基本医疗保险基金 城乡居民基本医疗保险基金采取",26.3,,杭州市2024年预算.txt
东部,杭州,2025,财政预决算报告,human,医保,"稳企业、促科技创新。深化财政服务增值化改革。深入开展“阳 光政采为企办实事”系列活动,打造面向中小企业的政府采购意 向、招标、执行结果三张公开清单,优化政府采购资金支付预警机 制,加强财政部政府采购行政裁决示范点建设,持续优化政府采购 营商环境。持续拓展财政票据增值服务,推动长三角财政电子票 据一体化改革,医保跨省零星报销实现全程掌上办。 (二)聚焦创新引领,培育现代产业发展新动能。深入实施三 个“一号工程”,积极塑造以数字经济为核心、实体经济为支撑、科 技创新为引领的现代产业新动能新优势。持续",558000.0,,杭州市2025年预算.txt
东部,杭州,2025,财政预决算报告,human,人才,"兴产业发展;出台促进人工智能全产业链、低空经济、总部经济、 “中国数谷”、生产性服务业高质量发展等产业政策,支持国家智 能网联汽车“车路云一体化”应用标杆城市建设;加快工业企业 “智转数改”和未来工厂建设,“算力券”扩容至每年2.5亿元,支 持建设全球先进制造业基地、全国专精特新名城和中小企业数字 化转型样板城市。打造最优人才生态。市财政投入65.9亿元,全 力推进实施“西湖明珠工程”等重点人才培养项目,加大国家、省、 市海外引才力度,鼓励企业、高校、各类科研院所积极吸纳人才,优 化人才服务环境",25000.0,,杭州市2025年预算.txt
东部,杭州,2025,财政预决算报告,human,教育,"进文旅深度融合,打造最佳国际旅游目的地城市。推进城乡区域 共富。市财政投入46.3亿元,统筹推进乡村产业、人才、文化、生 态、组织等全面振兴,支持淳安特别生态功能区建设,扎实推进城 乡融合,建设全域美丽大花园。市财政投入15.4亿元,优化调整 西部区县(市)公共服务优质提升工程,杭二中富春学校、学军中 学桐庐学校、市一医院桐庐医院建成并投入使用,助力西部区县 (市)教育、医疗卫生、社会保障等领域基本公共服务水平明显提 升。全市投入21亿元,持续开展与新疆、西藏、四川等地对口支援 和东西部协作,促",463000.0,,杭州市2025年预算.txt
东部,杭州,2025,财政预决算报告,physical,交通,"券354亿元(一般债券47.9亿元、专项债券306.1亿元)。 结构。截至2024年末,全市地方政府债务余额为4464.9亿元,其中:一般债务1316.6亿元、专项债务3148.3亿元,均未超过 省核定的债务限额。 使用。2024年全市新增地方政府债券551.4亿元,主要用于 交通基础设施328.5亿元、保障性安居工程95.9亿元、社会事业 73.1亿元、市政和产业园区基础设施41.7亿元、农林水利5.8亿元、能源2.5亿元、生态环保2.4亿元和城乡冷链等物流基础设施 1.5亿元等。 偿还。20",3540000.0,,杭州市2025年预算.txt
东部,杭州,2025,财政预决算报告,human,医院,"投资。持续推进重大项目建设。市财政安排127.9亿元,统筹推 进超大城市基础设施建设,支持地铁四期、中环、杭淳开高速公路、 文二西路连接隧道、清江路提升改造等重大项目,加快未来社区创 建,推进市属高中、新医院、文体场馆设施等建设,提升超大城市功 能品质,不断满足人民对高品质生活新期盼。建设和谐共生美丽 样板。市财政安排34.3亿元,支持生态建设和生物多样性保护, 加强自然灾害防治体系建设,支持创建国际湿地城市;推进新能源 工程渣土车推广应用、“污水零直排区”“无废城市”等治气、治水 和净土清废系",1279000.0,,杭州市2025年预算.txt
东部,杭州,2025,财政预决算报告,human,就业,"优化人才生态和就业创业环境。市财政安排70.3亿元,大力引育 各类高层次人才和吸引应届高学历毕业生来杭就业创业,构建全 方位、全链条、全周期人才服务体系,迭代升级创业陪跑生态体系, 开展大规模精准化职业技能培训和平台实训,推进人才高地建设。 满足人民高品质住房需求。市财政安排23.1亿元,完善多主体供 给、多渠道保障、租购并举的住房保障制度,加快保障性住房建设, 支持老旧小区加装电梯、老旧住宅电梯更新等工作,城乡一体稳步 推进房屋安全管理和更新,有效解决住房困难家庭、新市民、青年 人等住房困难问",703000.0,,杭州市2025年预算.txt
东部,杭州,2025,财政预决算报告,physical,未明确方向,"降较多,主要是上年有第四届联合国世界数据论坛支出一次性 因素。 财政事务1.4亿元,为预算的93.1%,下降2%。 税收事务1.7亿元,为预算的87.1%,与上年持平。 审计事务4833万元,为预算的90.4%,增长0.2%。 纪检监察事务2.5亿元,为预算的98.9%,增长3.7%。 商贸事务2.1亿元,为预算的84.1%,下降14.9%。下降较 多,主要是上年有重大赛事保障服务等一次性支出因素。 知识产权事务118万元,为预算的85.5%,增长103.4%。增 长较多,主要是知识产权保护运用",14000.0,,杭州市2025年预算.txt
东部,杭州,2025,财政预决算报告,human,教育,"其他共产党事务支出1亿元,为预算的92.5%,下降6.9%。 网信事务2917万元,为预算的94.1%,下降14.3%。下降较 多,主要是上年有重大主题网络宣传项目一次性因素。 市场监督管理事务支出4.1亿元,为预算的93.6%,下降 15.9%。下降较多,主要是上年有食品安全和特种设备安全监管 等一次性因素。 社会工作事务1290万元。 信访事务4588万元,为预算的93.8%,增长3%。 其他一般公共服务支出5.5亿元,为预算的102.9%,增 长8.3%。 (2)国防支出1980万元,为预",10000.0,,杭州市2025年预算.txt
东部,杭州,2025,财政预决算报告,human,教育,"普通教育64.2亿元,为预算的109.9%,增长2.6%。 职业教育21.9亿元,为预算的100.6%,增长3.1%。 特殊教育1.1亿元,为预算的102.4%,下降16%。下降较多, 主要是上年有场馆建设提升支出一次性因素。 进修及培训1.2亿元,为预算的95.3%,增长2.9%。 教育费附加安排的支出7551万元,为预算的237.6%,下降 14.3%。下降较多,主要是省补资金减少。 其他教育支出8.2亿元,为预算的69.3%,增长21.8%。增长 较多,主要是人才建设、名师名校长名班主任队",642000.0,,杭州市2025年预算.txt
东部,杭州,2025,财政预决算报告,human,卫生,"就业补助8.8亿元,为预算的124.1%,增长33.5%。增长较 多,主要是最低工资标准上调、就业政策享受人数增加等因素使得 就业补助支出增加。 抚恤563万元,为预算的98.8%,下降9.6%。 退役安置5.7亿元,为预算的105.1%,增长7.1%。 社会福利9768万元,为预算的100.2%,增长0.7%。 残疾人事业8092万元,为预算的98.3%,增长7.2%。 红十字事业1312万元,为预算的84.5%,增长8.7%。 临时救助3443万元,为预算的99.3%,下降1.5%。 补充道",88000.0,,杭州市2025年预算.txt
东部,杭州,2025,财政预决算报告,human,卫生,"环境保护管理事务3.6亿元,为预算的365.2%,增长 281.9%。增长较多,主要是增加排污权回购支出。 能源节约利用344万元,为预算的9.3%,增长503.5%。增长 较多,主要是省补资金增加。 污染减排1.1亿元,为预算的98%,下降14.6%。下降较多, 主要是根据工程进度,2024年生态环境监测能力建设项目仅支付 尾款。 其他节能环保支出1.7亿元,为预算的330.2%,增长73%。 增长较多,主要是省补资金增加。 (10)城乡社区支出23.6亿元,为预算的92.4%,下降13.5%",36000.0,,杭州市2025年预算.txt
东部,杭州,2025,财政预决算报告,human,学校,"校、杭州第二中学富春学校、杭州第十四中学青山湖学校、杭州学 军中学桐庐学校等建设。 科学技术支出40.3亿元。持续推进城西科创大走廊创新策 源地高质量融合发展,支持省实验室建设,壮大创新主体集群。支 持重大关键核心技术、“卡脖子”技术攻关和基础前沿性研究项 目,推动创新链产业链深度融合,助力国科大杭高院的科研发展。 支持重大科创、公共服务创新等平台建设,加大科技创新主体培 育,支持科技型企业、企业研发总部和总部企业发展,引进培育领 军型创新创业团队,推动科技成果交易转化。持续推进新制造业 高质量",403000.0,,杭州市2025年预算.txt
东部,杭州,2025,财政预决算报告,human,教育,"国际传播阵地、全国文明城市、全国文旅消费示范城市及宣传融媒 体中心等建设。建设城市书房、第二课堂、社区文化家园,打造世 界文化遗产群落,支持女足俱乐部发展,支持图书馆、博物馆等场 馆运营。支持户外公益广告宣传,推进思想道德建设教育实践活 动等精神文明建设。支持中国国际动漫节、杭州文化创意产业博 览会、宋韵文化系列活动等举办。支持中国京杭大运河博物院建 设,助力杭报集团、文艺院团、杭州大剧院等宣传文化单位发展,增 强文化软实力。推进文旅深度融合发展,支持文旅赋能、特潜行业 促消费等活动。支持历史文",665000.0,,杭州市2025年预算.txt
东部,杭州,2025,财政预决算报告,human,医疗,"就业、安排工作退役士兵适应性培训及落实安置待遇,落实随军家 属未就业期间生活补助和就业安置。保障职业技能提升行动,支 持实施“春雨计划”,加大重点人群就业创业、职业培训等方面扶 持力度,扩大见习训练补贴范围,支持实训基地运行和创业平台 建设。 卫生健康支出38.2亿元。落实基本医疗保险补贴、城乡医疗 救助补助等政策,支持基本医疗保险基金平稳运行。支持购买基 本医疗服务和医疗体制改革,推动医学重点“学科+专科”融合协 同发展,助力医疗装备更新和病房改造提升,支持市属公立医院集 团化、一体化发展,持",382000.0,,杭州市2025年预算.txt
东部,杭州,2025,财政预决算报告,human,学校,"学校改扩建项目。 广播电视584万元,下降26.1%。下降较多,主要是省补资金 减少。 其他文化旅游体育与传媒支出4.2亿元,下降5.1%。 (7)社会保障和就业支出72.1亿元,增长8.5%。其中: 人力资源和社会保障管理事务3.6亿元,增长16.8%。增长 较多,主要是新增第47届世界技能大赛中国集训基地项目,以及 省补资金增加。 民政管理事务7537万元,增长16.4%。增长较多,主要是按 规定增加安排人员经费。 行政事业单位养老支出28.1亿元,增长15.5%。增长较多, 主要是预计对机",584.0,,杭州市2025年预算.txt
东部,杭州,2025,财政预决算报告,human,医疗,"杭、临平、富阳、临安五区的医疗救助资金先行由市级垫付,再按规 定结算,因此增加市级支出。 医疗保障管理事务1.1亿元,增长3%。 其他卫生健康支出6.1亿元,增长1143.4%。增长较多,主要 是新增杭州市第一人民医院新院区开办费和杭州市第四人民医院 迁建工程经费。 (9)节能环保支出3.9亿元,下降38.8%。下降较多,主要是 上年有排污权回购支出不可比因素。其中: 环境保护管理事务1.6亿元,下降56.2%。下降较多,主要是 上年有排污权回购支出不可比因素。 污染防治199万元,增长226.",11000.0,,杭州市2025年预算.txt
东部,杭州,2025,财政预决算报告,human,补贴,"其他资源勘探工业信息等支出26.1亿元,下降16.5%。下降 较多,主要是省补资金减少。 (14)商业服务业等支出9731万元,增长101.5%。其中: 涉外发展服务支出3731万元,下降8.8%。 其他商业服务业等支出6000万元,增长710.8%。增长较多, 主要是餐饮消费券项目资金增加。 (15)金融支出9819万元,增长7.7%。其中: 金融部门行政支出3249万元,增长35.6%。增长较多,主要 是按规定增加安排人员经费。 其他金融支出6570万元,下降2.3%。 (16)援助其他地区",261000.0,,杭州市2025年预算.txt
东部,杭州,2025,财政预决算报告,human,学生,"障的政策内容安排确定,促进我市农业农村产业高质量、高水平 发展。 绩效目标。根据我市实施乡村产业振兴目标要求,以农业现 代化大项目为导向,发展有区域特色、有产业优势,在全省乃至全 国有一定影响力的重点项目、主导产业等,按照“市场化、规模化、 机械化、现代化、国际化”要求,支持市级农业重大项目,强化重要 农产品稳产保供,打造城市保供农业样板地、高效生态农业示范 地、数智未来农业先行地。实施规模种粮130万亩以上,市级高标 准农田建设区5个及以上,新建提升蔬菜基地3500亩,新建、续建 和提升新型综",130.0,,杭州市2025年预算.txt
东部,苏州,2021,财政预决算报告,human,医疗,新冠肺炎疫情发生后，全市各级财政部门把疫情防控作为最重要、最紧迫的工作来抓，第一时间出台相关政策文件，全方位支持打赢疫情防控阻击战，全年安排疫情防控资金26.3亿元用于医疗救治、核酸检测、防控设备及物资采购、疫情防控人员补助。积极落实常态化疫情防控要求，加大医疗卫生基本建设投入，支持三甲医院、疾控中心、急救中心等重大医疗载体建设，提高医疗卫生财政资金补助。坚持一手抓疫情防控，一手抓经济社会发展，加大政策对冲，及时出台“苏惠十条”等规模性助企纾困政策，帮助受疫情影响严重的企业渡过难关，有力推动复工,263000.0,,苏州市2021年预算.txt
东部,苏州,2021,财政预决算报告,human,卫生,一是发挥财政保障优势，不断完善救助帮扶政策，落实上缴省对口支援资金15亿元，拨付重庆云阳、西藏林周、贵州铜仁对口支援资金1.6亿元。二是深入践行“两山”理念，全力保障长江十年禁渔任务，扎实推进太湖、阳澄湖环境治理，高标准支持生态涵养实验区建设，积极开展生态补偿工作。三是加强政府债务新增规模控制，有效实施乡镇债务分类管理，努力向上争取债券、项目和资金支持，获得新增专项债券169.2亿元、抗疫特别国债资金50.6亿元，重点用于基层“三保”、公共卫生和重大疫情防控、“两新一重”等重大基础设施建设。,150000.0,,苏州市2021年预算.txt
东部,苏州,2021,财政预决算报告,human,低保,一是保居民就业，全市发放稳岗返还资金26.9亿元，资金总量和惠企数量在全省领先；抓好重点人群就业，开通专车、专列输送劳动力安全返岗；支持建设劳动者就业创业首选城市，下达职业技能提升行动专账资金8.7亿元。二是保基本民生，城乡低保标准提高到1045元/月，特困人员生活救助供养标准提高到1463元/月，均在全省领先。三是保市场主体，加大降成本力度，全年为全市企业降低综合成本约810亿元；强化金融支持，发放富民创业贷款2.1亿元，创新设立“保就业”薪金云贷。四是保粮食能源安全，加强高标准农田、现代农业,269000.0,,苏州市2021年预算.txt
东部,苏州,2021,财政预决算报告,human,人才,一是深入落实创新驱动发展战略，全市财政科技支出219.6亿元，增长21.0%，超过财政支出平均增幅15.3个百分点。二是积极推动制造业高质量发展，安排科技创新专项资金12.8亿元、打造先进制造业基地专项资金5.8亿元、服务业发展引导资金0.8亿元，推动先进制造业和现代服务业深度融合。三是努力集聚创新要素资源，安排人才开发资金2.8亿元推动集聚国际高端创新人才；市县两级共下达奖补资金7.4亿元支持高新技术企业培育；积极引进大院大所等各类科创平台和研发载体，加大姑苏实验室等基础科学研究投入，促进创新,2196000.0,,苏州市2021年预算.txt
东部,苏州,2021,财政预决算报告,human,人才,——财政政策积极有效。深入实施供给侧结构性改革，推动实体经济降本减负，年均减轻企业综合成本超过600亿元；落实创新驱动发展战略，努力推进经济结构转型和制造业高质量发展，财政科技支出年均保持20%左右增速，市级累计安排科技创新专项资金42.3亿元、打造先进制造业基地专项资金18.4亿元、服务业发展专项资金3.2亿元、人才开发资金8.5亿元；缓解中小企业融资困境，通过富民创业贷、小微创业贷、苏微贷、信保贷四大政策性信贷产品带动小微企业贷款超过495亿元，累计安排市级金融改革发展专项资金5.9亿元，支,6000000.0,,苏州市2021年预算.txt
东部,苏州,2021,财政预决算报告,physical,未明确方向,——绩效改革纵深推进。积极完善绩效制度体系建设，出台《关于全面落实预算绩效管理的实施意见》，制定贯穿绩效管理各环节的管理办法，为绩效管理的高质量实施提供了制度保障；逐步扩大绩效目标管理范围，将绩效目标编制范围扩大到所有市立项目和500万元以上的部门项目，覆盖所有预算部门。苏州市级累计987个项目纳入绩效目标管理，涉及财政资金399.2亿元，比“十二五”时期翻了一番；强化绩效评价工作，采取绩效“自评价+再评价”与重点评价相结合的方式，构建多层次绩效评价体系的工作机制，开展绩效评价项目数累计655个,500.0,,苏州市2021年预算.txt
东部,苏州,2021,财政预决算报告,physical,未明确方向,债务发行费支出205万元，增长36.7%。,205.0,,苏州市2021年预算.txt
东部,苏州,2024,财政预决算报告,physical,未明确方向,安排一般公共预算总支出412亿元，其中：市级一般公共预算支出334.65亿元，完成预算的96.6%，对下净补助58亿元，一般债务还本支出19.35亿元。,4120000.0,,苏州市2024预算.txt
东部,苏州,2024,财政预决算报告,physical,未明确方向,收支相抵，结余5亿元，拟结转下年使用。,50000.0,,苏州市2024预算.txt
东部,苏州,2024,财政预决算报告,physical,未明确方向,安排一般公共预算总支出315.42亿元，其中：一般公共预算支出293.7亿元，完成预算的95.8%，一般债务还本支出等21.72亿元。,3154200.0,,苏州市2024预算.txt
东部,苏州,2024,财政预决算报告,physical,未明确方向,收支相抵，结余12.74亿元，拟结转下年使用。,127400.0,,苏州市2024预算.txt
东部,苏州,2024,财政预决算报告,physical,未明确方向,市级政府性基金支出181.16亿元，完成预算的98.4%，加上专项债务还本支出20.52亿元，上解上级支出2.7亿元，补助下级支出60.7亿元，调入一般公共预算42.04亿元，合计307.13亿元。,1811600.0,,苏州市2024预算.txt
东部,苏州,2024,财政预决算报告,physical,未明确方向,收支相抵，结余63.11亿元，拟结转下年使用。,631100.0,,苏州市2024预算.txt
东部,苏州,2024,财政预决算报告,physical,未明确方向,园区政府性基金支出215.06亿元，完成预算的79.2%，加上专项债务还本支出4.87亿元，上解上级支出2.26亿元，调入一般公共预算34.78亿元，合计256.97亿元。,2150600.0,,苏州市2024预算.txt
东部,苏州,2024,财政预决算报告,physical,未明确方向,收支相抵，结余37.93亿元，拟结转下年使用。,379300.0,,苏州市2024预算.txt
东部,苏州,2024,财政预决算报告,physical,未明确方向,收支相抵，当期缺口45.33亿元，拟动用历年结余弥补。,453300.0,,苏州市2024预算.txt
东部,苏州,2024,财政预决算报告,physical,未明确方向,收支相抵，当期缺口0.78亿元，拟动用历年结余弥补。,7800.0,,苏州市2024预算.txt
东部,苏州,2024,财政预决算报告,physical,未明确方向,进一步完善政策性融资担保体系建设，推动普惠金融服务提质增效，“小微贷”“信保贷”全年累计支持企业融资超650亿元，苏州成功入选2023年中央财政支持普惠金融发展示范区。重点围绕产业升级，加大国有投资平台投资力度，苏创投合作设立国家级基金规模超200亿元，带动社会资本在苏投资超220亿元。,6500000.0,,苏州市2024预算.txt
东部,苏州,2024,财政预决算报告,physical,未明确方向,安排一般公共预算总支出409.6亿元，其中：市级一般公共预算支出375.13亿元（含市对区县专项转移支付），对下净补助33.22亿元，一般债务还本支出1.25亿元。收支相抵，保持平衡。,4096000.0,,苏州市2024预算.txt
东部,苏州,2024,财政预决算报告,physical,未明确方向,安排一般公共预算总支出292.01亿元，其中：一般公共预算支出289.21亿元，一般债务还本支出2.8亿元。收支相抵，保持平衡。,2920100.0,,苏州市2024预算.txt
东部,苏州,2024,财政预决算报告,physical,未明确方向,安排政府性基金支出预算137.46亿元，上解上级支出1.38亿元，调入一般公共预算52.38亿元，合计191.22亿元。,1374600.0,,苏州市2024预算.txt
东部,苏州,2024,财政预决算报告,physical,未明确方向,安排政府性基金支出预算242.21亿元，上解上级支出3.2亿元，调入一般公共预算61.2亿元，合计306.61亿元。,2422100.0,,苏州市2024预算.txt
东部,苏州,2024,财政预决算报告,physical,未明确方向,收支相抵，当期结余0.7亿元，拟结转下年使用。,7000.0,,苏州市2024预算.txt
东部,苏州,2024,财政预决算报告,physical,未明确方向,收支相抵，当期结余1.1亿元，拟结转下年使用。,11000.0,,苏州市2024预算.txt
东部,苏州,2024,财政预决算报告,physical,未明确方向,收支相抵，当期缺口0.14亿元，拟动用历年结余弥补。,1400.0,,苏州市2024预算.txt
东部,苏州,2025,财政预决算报告,physical,未明确方向,一般公共预算支出346.7亿元，完成预算的96.3%，加上一般债务还本支出等14.3亿元，合计361亿元。,3467000.0,,苏州市2025预算.txt
东部,苏州,2025,财政预决算报告,physical,未明确方向,收支相抵，项目结转13.3亿元下年使用。,133000.0,,苏州市2025预算.txt
东部,苏州,2025,财政预决算报告,physical,未明确方向,一般公共预算支出287.3亿元，完成预算的96.9%，加上一般债务还本支出等9.5亿元，合计296.8亿元。,2873000.0,,苏州市2025预算.txt
东部,苏州,2025,财政预决算报告,physical,未明确方向,收支相抵，项目结转9.3亿元下年使用。,93000.0,,苏州市2025预算.txt
东部,苏州,2025,财政预决算报告,physical,未明确方向,市级政府性基金支出156.8亿元，完成预算的97.6%，加上专项债务还本支出16.2亿元，上解上级支出8.6亿元，补助下级支出46.4亿元，调入一般公共预算37.8亿元，合计265.8亿元。,1568000.0,,苏州市2025预算.txt
东部,苏州,2025,财政预决算报告,physical,未明确方向,收支相抵，结余37.1亿元，结转下年使用。,371000.0,,苏州市2025预算.txt
东部,苏州,2025,财政预决算报告,physical,未明确方向,园区政府性基金支出229.5亿元，完成预算的87.7%，加上上解上级支出2.2亿元，调入一般公共预算17.3亿元，合计249亿元。,2295000.0,,苏州市2025预算.txt
东部,苏州,2025,财政预决算报告,physical,未明确方向,收支相抵，结余26.1亿元，结转下年使用。,261000.0,,苏州市2025预算.txt
东部,苏州,2025,财政预决算报告,physical,未明确方向,收支相抵，当期结余23.9亿元。,239000.0,,苏州市2025预算.txt
东部,苏州,2025,财政预决算报告,physical,未明确方向,收支相抵，当期结余0.2亿元。,2000.0,,苏州市2025预算.txt
东部,苏州,2025,财政预决算报告,physical,能源,梳理整合科技政策资金。集中力量办大事，全力支持在苏高校、科研院所、重大载体平台建设，全市科学技术支出完成300亿元，同比增长11%，规模保持全省第一。充分发挥政府采购支持科技创新功能。积极引导本地创新企业申报省级政府采购创新目录，苏州共有39家企业的63个产品入围，企业数和产品数均位列全省第二。推动新质生产力发展。围绕构建“1030”产业体系，加力推进新能源、新材料、生物医药等重点产业链集聚成势。着力扩内需促消费。叠加国家“以旧换新”政策，大力推进汽车、家电等消费品以旧换新，充分释放消费活力。大,3000000.0,,苏州市2025预算.txt
东部,苏州,2025,财政预决算报告,physical,未明确方向,市级一般公共预算支出预算355.3亿元，还本支出1.8亿元，支出合计357.1亿元。,3553000.0,,苏州市2025预算.txt
东部,苏州,2025,财政预决算报告,physical,未明确方向,园区一般公共预算支出预算289.2亿元，还本支出0.04亿元，支出合计289.3亿元。,2892000.0,,苏州市2025预算.txt
东部,苏州,2025,财政预决算报告,physical,未明确方向,安排政府性基金支出预算74.1亿元，上解上级支出1亿元，调入一般公共预算17.7亿元，债务还本支出0.9亿元，合计93.7亿元。,741000.0,,苏州市2025预算.txt
东部,苏州,2025,财政预决算报告,physical,未明确方向,安排政府性基金支出预算154.8亿元，上解上级支出3.1亿元，还本支出0.7亿元，调入一般公共预算59.5亿元，合计218.1亿元。,1548000.0,,苏州市2025预算.txt
东部,苏州,2025,财政预决算报告,physical,未明确方向,收支相抵，当期结余2.9亿元。,29000.0,,苏州市2025预算.txt
东部,苏州,2025,财政预决算报告,physical,未明确方向,收支相抵，当期结余5.1亿元，拟结转下年使用。,51000.0,,苏州市2025预算.txt
东部,苏州,2025,财政预决算报告,physical,未明确方向,收支相抵，当期结余0.3亿元，拟结转下年使用。,3000.0,,苏州市2025预算.txt
西部,南宁,2024,财政预决算报告,physical,开发区,节基金增加5.74亿元，年终结余增加0.05亿元。 4．转移性支出决算情况。 2024年，市本级一般公共预算转移性支出412.75亿元，具体完 成情况如下： （1）补助下级支出353.01亿元，完成年初预算的124.66%，其 中：返还性支出18.65亿元，完成年初预算的100%；一般性转移支 付支出294.98亿元，完成年初预算的134.81%，超出年初预算较多 的主要原因是为提升基层财政保障能力，中央、自治区和市财政 加大对县（市、区）财力下沉，全力支持基层“三保”支出需求；专 项转移支付支,57400.0,,南宁市2024决算.txt
西部,南宁,2024,财政预决算报告,human,补贴,（二）加大产业和创新支持，着力发展新质生产力。 构建现代化产业体系。聚焦新能源产业链延链补链强链，用 足用好产业园区专项债券，加强园区基础设施建设。市本级产业 园区获得新增专项债券资金38.49亿元支持7个产业园区项目，其 中东部新城项目27.04亿元，充分发挥债券资金撬动作用，推动资 金项目向园区集聚。夯实科技创新基础。市本级科学技术支出4.88亿元，支持关键技术攻关，支持科技创新和产业创新融合，落实 重大科技项目“揭榜挂帅”等扶持政策。市本级金融支出1.12亿元， 助力“产业—科技创新—金融,384900.0,,南宁市2024决算.txt
西部,南宁,2024,财政预决算报告,human,医院,障城市排水防涝能力提升工程、重点防洪工程等全市重大项目加 快建设。实施对内对外开放。市本级下达5.51亿元建设自贸试验 区南宁片区，将南宁片区打造成为衔接“一带一路”的高水平开放平 台。积极推进西部陆海新通道建设工作，市本级支出0.40亿元支 持平陆运河南宁段建设，落实0.28亿元支持吴圩国际机场改扩建 工程、南玉铁路建设工程项目，获得25.74亿元专项债券资金支 持平陆运河南宁段、南宁吴圩国际机场改扩建等重点项目，为重 大互联互通设施建设提供资金保障。市本级支出0.70亿元培育优 质国际客货运,55100.0,,南宁市2024决算.txt
西部,南宁,2024,财政预决算报告,physical,未明确方向,公共安全支出29.33亿元，全面加强平安南宁建设，灾害防治及应 急管理支出1.82亿元，健全社会治理和应急管理体系，提升人民 群众安全感。 六、深化财政管理改革，狠抓财政科学管理,293300.0,,南宁市2024决算.txt
西部,南宁,2024,财政预决算报告,human,教育,贯彻落实中央防范化解地方政府债务风险有关要求，严格落 实一揽子化债方案，统筹发展和安全，建立健全地方政府债务管 理制度、防范化解地方政府债务风险相关工作机制，严格债务限 额管理，依法加强预算约束，遏制新增隐性债务。稳妥化解存量 债务，加强债务风险监测预警处置，积极推进盘活存量资产（资 源）各项工作，盘活水利资源、文旅体资源、教育资源等，实现 资产盘活312.64亿元，有效防范化解地方债务风险。,3126400.0,,南宁市2024决算.txt
西部,成都,2021,财政预决算报告,human,教育,设施建设等区域协调发展方面15.34亿元；成都天府国际生物城 等现代化开放型产业体系构建方面13.00亿元；成都高新区新活 力经济区等项目基础设施5.92亿元；城乡污水处理设施建设、固 体污染防治设施建设等公园城市示范区建设方面7.53亿元；南部 园区、西部园区公建配套工程等补齐公共服务短板方面4.17亿元； 文化旅游、科学教育以及养老医疗等方面16.72亿元，其中用于 天府绛溪实验室建设10亿元。 以上2021年市级决算，请予审查批准。2021年预算数、决 算数及其对比分析详见决算草案。草案在,153400.0,,成都市2021决算.txt
西部,成都,2022,财政预决算报告,human,医疗,区；投入4.1亿元支持提升航空客货运能力，修订完善航空货运 枢纽建设扶持政策，新开通国际货运航线5条。投入29亿元支持 加快建设成都国际铁路港国家级经开区，铁路港综保区封关运行， 国际班列开行4250列。投入4.6亿元实施以新消费为引领的内需 提振行动、稳外贸促增长攻坚行动，推进加工贸易转型升级，支 持成都全球跨境电商服务资源中心建设，打造川派餐饮创新发展 先行区，改造升级特色商业街区165条。 （二）坚持以人民为中心，着力提高民生事业保障水平 全市财政民生支出达1501.6亿元，占一般公共预算,41000.0,,成都市2022预算.txt
西部,成都,2022,财政预决算报告,human,卫生,全年乡村振兴投入55.2亿元。完善市级财政衔接推进乡村振兴补 助资金管理，持续推动涉农资金统筹整合，组建规模2亿元的市 级乡村振兴农业产业发展贷款风险补偿金，推动实现补偿资金在 线申报、在线审批。大力开展“米袋子”“菜篮子”强基行动，按照 200元/亩标准对水稻、小麦规模化生产经营者进行奖补，及时将 耕地地力保护补贴资金6亿元、实际种粮农民一次性补贴资金 6653万元通过“一卡通”平台发放到农户。建成高标准农田32.8 万亩，推进成都国家农业科技中心建设，创建国家现代农业产业 园3个、省级现代农,552000.0,,成都市2022预算.txt
西部,成都,2022,财政预决算报告,physical,未明确方向,惠及纳税人和缴费人230万户次。在继续执行支持疫情防控和经 济发展、西部大开发等方面税费优惠政策的基础上，聚焦提高增 值税小规模纳税人起征点、减半征收小微企业和个体工商户所得 税、先进制造业增值税留抵退税、研发费用加计扣除、缓缴制造 业中小微企业部分税费等优惠政策，强化政策宣传解读、清理违 规涉企收费、跟踪政策执行成效，持续释放减税降费红利和政策 叠加效应。办理增值税留抵退税208.2亿元，同比增长41.9%， 地方级税收减收52.2亿元。深入调研评估《契税法》授权地方决 定事项，推动执行最低法,230.0,,成都市2022预算.txt
西部,成都,2022,财政预决算报告,human,就业,革，推动高校科研院所合作，落实人才引领战略和就业优先政策， 支持引进高层次创新人才。二是安排产业建圈强链方面资金71.1亿元。落实重大产业化项目投资基金财政出资任务，继续安排先 进制造业、金融业、文化产业、旅游业等各类产业发展专项资金， 支持发展新经济培育新动能。三是安排国企赋能方面资金28.8亿元，推动国有资本向关键领域、重要行业、高端产业、优势企业 和重大项目布局优化和结构调整。 聚焦协调共兴，统筹安排预算资金174.6亿元，深入推动成 渝地区双城经济圈和成都都市圈建设，全面实施乡村振兴战略,711000.0,,成都市2022预算.txt
西部,成都,2022,财政预决算报告,human,补贴,方面重点项目资金12.3亿元。加大公交新能源车购置力度，持续 开展出租车纯电动化试点，推动“碳惠天府”机制建设及推广，深 化生态补偿制度改革。二是安排污染防治方面资金38.1亿元。支 持实施大气网格化精准管理，加强污水污泥处理和水生态治理经 费保障，支持实施黑臭水体、“散乱污”、噪音油烟污染等突出环 境问题专项治理。三是安排城市品质提升方面资金15.7亿元。支 持实施“迎大运”城市品质提升项目，加大龙泉山城市森林公园保 护发展力度，高标准建设大熊猫国家公园，全力保障环城生态公 园、大熊猫栖息地、,123000.0,,成都市2022预算.txt
西部,成都,2022,财政预决算报告,human,教育,世乒赛、成都马拉松等重大赛事，高标准推进亚洲杯、汤尤杯和 世运会筹备。 聚焦共建共享，统筹安排预算资金149.3亿元，稳步增加民 生投入，提升公共服务供给能力和基本民生保障水平，扎实推动 共同富裕。一是安排教育方面资金53.1亿元。支持教育“双减”试 点，落实学前教育、义务教育、职业教育、特殊教育、高等教育 等各类补助经费，提高市属高校生均拨款标准，保障成都职业技 术学院校区建设资金需求，持续推动学校光环境改造优化，提升 学校基础条件和教师学生综合素质。二是安排医疗卫生方面资金 38.2亿元。全,1493000.0,,成都市2022预算.txt
西部,成都,2022,财政预决算报告,human,社区,展治理根基。一是安排智慧蓉城建设方面资金41.2亿元。支持“智 慧蓉城”运行管理平台和重点应用场景建设，继续安排城乡社区发 展保障资金和激励资金，安排反制电信网络诈骗、执法办案、警 务保障等经费，推动消防救援综合应急救援能力提档升级，提升 森林草原防灭火监测预警能力。二是安排城市更新方面资金238.7亿元。支持老旧小区和棚户区改造，多元筹集保障轨道、公路等 重大功能性基础设施建设资金，推进水库、综合管廊、海绵城市 等弹性基础设施建设，强化道路、公园、河道、车站等各类城市 设施运行维护。三是安排保,412000.0,,成都市2022预算.txt
西部,成都,2023,财政预决算报告,physical,未明确方向,及市场主体超过342万户次。 二是加强上级资金争取和使用。争取上级转移支付资金 437.3亿元，增长28.1%。争取并成功发行新增债券资金660.5亿元，其中专项债券586.4亿元，额度和占比进一步提高，稳居 副省级城市前列。坚持“资金跟着项目走”，做深做细专项债券 项目储备，多举措推动加快专项债券发行使用进度，发行专项债 券资金用作资本金项目8个、金额53.5亿元，发行组合融资项 目86个、金额203.6亿元，共撬动社会资本投入701.6亿元。 三是推动区域协调均衡发展。以支持“三个做优做强”,342.0,,成都市2023预算.txt
西部,成都,2023,财政预决算报告,human,教育,加快推进城市东西轴线、市域快速路、成渝中线铁路、成自铁路 等重大示范项目建设，加速市域铁路公交化运营改造。成功申报 国家综合货运枢纽补链强链首批城市，未来三年将获得中央财政 15亿元资金支持。持续推进中心城区公交一体化改革，优化老 年人公交出行优待政策，实现部分特殊群体免费乘坐公共交通。 四是支持加强社会治理。市级财政投入66.6亿元，持续提 升城市治理体系和治理能力现代化水平。聚焦支持智慧蓉城建设 持续提升城市治理水平，健全智慧蓉城建设经费保障机制，构建 “王”字型城市运行管理架构。深入推进平,150000.0,,成都市2023预算.txt
西部,成都,2023,财政预决算报告,physical,交通,行政府债券新增举借债务217.8亿元。发行一般债券32.7亿元， 全部转贷区（市）县，其中：四川天府新区成都直管区1.3亿元、 成都东部新区1.8亿元、成都高新区1.3亿元、其他区（市）县 28.3亿元。发行专项债券185.1亿元，已根据财政厅反馈的第一 批项目清单安排发行32.3亿元，其中：市级9.9亿元、四川天府 新区成都直管区5.6亿元、成都高新区0.3亿元、其他区（市） 县16.5亿元；剩余152.8亿元根据财政厅后续反馈的项目清单进 行安排。按此举借债务后，全市政府债务规模达到4858,2178000.0,,成都市2023预算.txt
西部,成都,2023,财政预决算报告,human,文化,109.6亿元（一般债券19.3亿元、专项债券90.3亿元）、通过预 算安排和调入债务单位自有资金等方式偿还债务本金78.1亿元 （一般债务21.2亿元、专项债务56.9亿元）。 2023年四川天府新区成都直管区到期政府债务44.7亿元， 拟发行再融资债券27亿元（一般债券3.8亿元、专项债券23.2亿元），通过预算安排偿还债务本金17.8亿元（均为专项债务）。 2023年成都东部新区无到期政府债务。 2023年成都高新区到期政府债务4.3亿元，拟发行再融资债 券3.9亿元（均为一般债券），通过,1096000.0,,成都市2023预算.txt
西部,成都,2023,财政预决算报告,human,补贴,持发展新经济培育新动能，深化数字人民币和金融科技创新监管 试点，实施数字经济强基工程，推动数字经济和实体经济融合发 展。 二是支持落实区域协调发展战略。统筹安排预算资金144.5亿元，推动“三个做优做强”加快突破、成势见效，着力构建优 势互补、协同发展的区域格局，提升成都极核主干能级。主要用 于：保障成渝中线高铁、成渝铁路扩能、成渝高速扩容等重点交 通项目建设，支持成德大道、成达万高铁、S13线、市域铁路公 交化运营改造等重大项目建设；新增安排“三个做优做强”重点 片区建设补助资金和高质量发展激,1445000.0,,成都市2023预算.txt
西部,成都,2023,财政预决算报告,human,教育,一是支持教育强市建设。统筹安排预算资金41.9亿元，加 快建设高质量教育体系，促进教育公平，办好人民满意的教育。 主要用于：落实全龄段教育补助经费，完善覆盖全学段的学生资 助体系；全力保障“家门口的好学校”建设工程，支持市属学校 （单位）校舍场地排危修缮及设备设施购置、光环境改造等重点 项目；支持在蓉高校“双一流”建设和市属高校跨越式发展。 二是支持科技自立自强。统筹安排预算资金37.6亿元，加 快实施创新驱动发展战略，完善科技创新体制，加快建设科创强 市。主要用于：大幅增加财政科技投入，落实科,419000.0,,成都市2023预算.txt
西部,成都,2023,财政预决算报告,physical,交通,智慧交通信息系统建设应用维护，推进城市运行“一网统管”、 政务服务“一网通办”、数据资源“一网通享”、社会诉求“一键 回应”；持续完善“党建引领、双线融合”治理机制。 二是支持提高公共安全治理水平。统筹安排预算资金20.9亿元，持续推进平安成都建设，完善城市公共安全体系。主要用 于：安排执法办案、警务保障等经费，支持社会治安防控体系和 风险监测防控平台建设，全面提高公共安全保障能力和依法治市 水平；推动消防救援综合应急救援能力提档升级，加大食品药品 安全抽检监测力度，提升森林草原防灭火监测预警能,209000.0,,成都市2023预算.txt
